Name,Path,Data Type,Logical Address,Comment,Hmi Visible,Hmi Accessible,Hmi Writeable,Typeobject ID,Version ID
CaseId,Constant,Int,%MW12,,True,True,True,,
start,Constant,Bool,%M14.0,,True,True,True,,
Opened,Constant,Bool,%M14.1,,True,True,True,,
Closed,Constant,Bool,%M14.2,,True,True,True,,
GlobalLocalManual,Common,Bool,%M0.0,,True,True,True,,
GlobalSafetyStop,Default tag table,Bool,%M31.1,,True,True,True,,
RD1_DI_Breaker_OK,PLC_INPUT,Bool,%I0.0,Автоматичний вимикач RD1,True,True,True,,
RD1_DI_Speed_OK,PLC_INPUT,Bool,%I0.1,Датчик руху RD1,True,True,True,,
RD1_DI_Overflow_OK,PLC_INPUT,Bool,%I0.2,Датчик переповнення RD1,True,True,True,,
RD2_DI_Breaker_OK,PLC_INPUT,Bool,%I0.3,Автоматичний вимикач RD2,True,True,True,,
RD2_DI_Speed_OK,PLC_INPUT,Bool,%I0.4,Датчик руху RD2,True,True,True,,
RD2_DI_Overflow_OK,PLC_INPUT,Bool,%I0.5,Датчик переповнення RD2,True,True,True,,
RD3_DI_Breaker_OK,PLC_INPUT,Bool,%I0.6,Автоматичний вимикач RD3,True,True,True,,
RD3_DI_Speed_OK,PLC_INPUT,Bool,%I0.7,Датчик руху RD3,True,True,True,,
RD3_DI_Overflow_OK,PLC_INPUT,Bool,%I1.0,Датчик переповнення RD3,True,True,True,,
RD4_DI_Breaker_OK,PLC_INPUT,Bool,%I1.1,Автоматичний вимикач RD4,True,True,True,,
RD4_DI_Speed_OK,PLC_INPUT,Bool,%I1.2,Датчик руху RD4,True,True,True,,
RD4_DI_Overflow_OK,PLC_INPUT,Bool,%I1.3,Датчик переповнення RD4,True,True,True,,
RD5_DI_Breaker_OK,PLC_INPUT,Bool,%I1.4,Автоматичний вимикач RD5,True,True,True,,
RD5_DI_Speed_OK,PLC_INPUT,Bool,%I1.5,Датчик руху RD5,True,True,True,,
RD5_DI_Overflow_OK,PLC_INPUT,Bool,%I1.6,Датчик переповнення RD5,True,True,True,,
RD6_DI_Breaker_OK,PLC_INPUT,Bool,%I1.7,Автоматичний вимикач RD6,True,True,True,,
RD6_DI_Speed_OK,PLC_INPUT,Bool,%I2.0,Датчик руху RD6,True,True,True,,
RD6_DI_Overflow_OK,PLC_INPUT,Bool,%I2.1,Датчик переповнення RD6,True,True,True,,
RD7_DI_Breaker_OK,PLC_INPUT,Bool,%I2.2,Автоматичний вимикач RD7,True,True,True,,
RD7_DI_Speed_OK,PLC_INPUT,Bool,%I2.3,Датчик руху RD7,True,True,True,,
RD7_DI_Overflow_OK,PLC_INPUT,Bool,%I2.4,Датчик переповнення RD7,True,True,True,,
RD8_DI_Breaker_OK,PLC_INPUT,Bool,%I2.5,Автоматичний вимикач RD8,True,True,True,,
RD8_DI_Speed_OK,PLC_INPUT,Bool,%I2.6,Датчик руху RD8,True,True,True,,
RD8_DI_Overflow_OK,PLC_INPUT,Bool,%I2.7,Датчик переповнення RD8,True,True,True,,
RD9_DI_Breaker_OK,PLC_INPUT,Bool,%I3.0,Автоматичний вимикач RD9,True,True,True,,
RD9_DI_Speed_OK,PLC_INPUT,Bool,%I3.1,Датчик руху RD9,True,True,True,,
RD9_DI_Overflow_OK,PLC_INPUT,Bool,%I3.2,Датчик переповнення RD9,True,True,True,,
RD10_DI_Breaker_OK,PLC_INPUT,Bool,%I3.3,Автоматичний вимикач RD10,True,True,True,,
RD10_DI_Speed_OK,PLC_INPUT,Bool,%I3.4,Датчик руху RD10,True,True,True,,
RD10_DI_Overflow_OK,PLC_INPUT,Bool,%I3.5,Датчик переповнення RD10,True,True,True,,
RD11_DI_Breaker_OK,PLC_INPUT,Bool,%I3.6,Автоматичний вимикач RD11,True,True,True,,
RD11_DI_Speed_OK,PLC_INPUT,Bool,%I3.7,Датчик руху RD11,True,True,True,,
RD11_DI_Overflow_OK,PLC_INPUT,Bool,%I4.0,Датчик переповнення RD11,True,True,True,,
RD12_DI_Breaker_OK,PLC_INPUT,Bool,%I4.1,Автоматичний вимикач RD12,True,True,True,,
RD12_DI_Speed_OK,PLC_INPUT,Bool,%I4.2,Датчик руху RD12,True,True,True,,
RD12_DI_Overflow_OK,PLC_INPUT,Bool,%I4.3,Датчик переповнення RD12,True,True,True,,
RD13_DI_Breaker_OK,PLC_INPUT,Bool,%I4.4,Автоматичний вимикач RD13,True,True,True,,
RD13_DI_Speed_OK,PLC_INPUT,Bool,%I4.5,Датчик руху RD13,True,True,True,,
RD13_DI_Overflow_OK,PLC_INPUT,Bool,%I4.6,Датчик переповнення RD13,True,True,True,,
RD14_DI_Breaker_OK,PLC_INPUT,Bool,%I4.7,Автоматичний вимикач RD14,True,True,True,,
RD14_DI_Speed_OK,PLC_INPUT,Bool,%I5.0,Датчик руху RD14,True,True,True,,
RD14_DI_Overflow_OK,PLC_INPUT,Bool,%I5.1,Датчик переповнення RD14,True,True,True,,
RD15_DI_Breaker_OK,PLC_INPUT,Bool,%I5.2,Автоматичний вимикач RD15,True,True,True,,
RD15_DI_Speed_OK,PLC_INPUT,Bool,%I5.3,Датчик руху RD15,True,True,True,,
RD15_DI_Overflow_OK,PLC_INPUT,Bool,%I5.4,Датчик переповнення RD15,True,True,True,,
RD16_DI_Breaker_OK,PLC_INPUT,Bool,%I5.5,Автоматичний вимикач RD16,True,True,True,,
RD16_DI_Speed_OK,PLC_INPUT,Bool,%I5.6,Датчик руху RD16,True,True,True,,
RD16_DI_Overflow_OK,PLC_INPUT,Bool,%I5.7,Датчик переповнення RD16,True,True,True,,
RD17_DI_Breaker_OK,PLC_INPUT,Bool,%I6.0,Автоматичний вимикач RD17,True,True,True,,
RD17_DI_Speed_OK,PLC_INPUT,Bool,%I6.1,Датчик руху RD17,True,True,True,,
RD17_DI_Overflow_OK,PLC_INPUT,Bool,%I6.2,Датчик переповнення RD17,True,True,True,,
RD18_DI_Breaker_OK,PLC_INPUT,Bool,%I6.3,Автоматичний вимикач RD18,True,True,True,,
RD18_DI_Speed_OK,PLC_INPUT,Bool,%I6.4,Датчик руху RD18,True,True,True,,
RD18_DI_Overflow_OK,PLC_INPUT,Bool,%I6.5,Датчик переповнення RD18,True,True,True,,
RD19_DI_Breaker_OK,PLC_INPUT,Bool,%I6.6,Автоматичний вимикач RD19,True,True,True,,
RD19_DI_Speed_OK,PLC_INPUT,Bool,%I6.7,Датчик руху RD19,True,True,True,,
RD19_DI_Overflow_OK,PLC_INPUT,Bool,%I7.0,Датчик переповнення RD19,True,True,True,,
RD20_DI_Breaker_OK,PLC_INPUT,Bool,%I7.1,Автоматичний вимикач RD20,True,True,True,,
RD20_DI_Speed_OK,PLC_INPUT,Bool,%I7.2,Датчик руху RD20,True,True,True,,
RD20_DI_Overflow_OK,PLC_INPUT,Bool,%I7.3,Датчик переповнення RD20,True,True,True,,
RD21_DI_Breaker_OK,PLC_INPUT,Bool,%I7.4,Автоматичний вимикач RD21,True,True,True,,
RD21_DI_Speed_OK,PLC_INPUT,Bool,%I7.5,Датчик руху RD21,True,True,True,,
RD21_DI_Overflow_OK,PLC_INPUT,Bool,%I7.6,Датчик переповнення RD21,True,True,True,,
RD22_DI_Breaker_OK,PLC_INPUT,Bool,%I7.7,Автоматичний вимикач RD22,True,True,True,,
RD22_DI_Speed_OK,PLC_INPUT,Bool,%I8.0,Датчик руху RD22,True,True,True,,
RD22_DI_Overflow_OK,PLC_INPUT,Bool,%I8.1,Датчик переповнення RD22,True,True,True,,
RD23_DI_Breaker_OK,PLC_INPUT,Bool,%I8.2,Автоматичний вимикач RD23,True,True,True,,
RD23_DI_Speed_OK,PLC_INPUT,Bool,%I8.3,Датчик руху RD23,True,True,True,,
RD23_DI_Overflow_OK,PLC_INPUT,Bool,%I8.4,Датчик переповнення RD23,True,True,True,,
RD24_DI_Breaker_OK,PLC_INPUT,Bool,%I8.5,Автоматичний вимикач RD24,True,True,True,,
RD24_DI_Speed_OK,PLC_INPUT,Bool,%I8.6,Датчик руху RD24,True,True,True,,
RD24_DI_Overflow_OK,PLC_INPUT,Bool,%I8.7,Датчик переповнення RD24,True,True,True,,
RD25_DI_Breaker_OK,PLC_INPUT,Bool,%I9.0,Автоматичний вимикач RD25,True,True,True,,
RD25_DI_Speed_OK,PLC_INPUT,Bool,%I9.1,Датчик руху RD25,True,True,True,,
RD25_DI_Overflow_OK,PLC_INPUT,Bool,%I9.2,Датчик переповнення RD25,True,True,True,,
RD26_DI_Breaker_OK,PLC_INPUT,Bool,%I9.3,Автоматичний вимикач RD26,True,True,True,,
RD26_DI_Speed_OK,PLC_INPUT,Bool,%I9.4,Датчик руху RD26,True,True,True,,
RD26_DI_Overflow_OK,PLC_INPUT,Bool,%I9.5,Датчик переповнення RD26,True,True,True,,
RD27_DI_Breaker_OK,PLC_INPUT,Bool,%I9.6,Автоматичний вимикач RD27,True,True,True,,
RD27_DI_Speed_OK,PLC_INPUT,Bool,%I9.7,Датчик руху RD27,True,True,True,,
RD27_DI_Overflow_OK,PLC_INPUT,Bool,%I10.0,Датчик переповнення RD27,True,True,True,,
RD28_DI_Breaker_OK,PLC_INPUT,Bool,%I10.1,Автоматичний вимикач RD28,True,True,True,,
RD28_DI_Speed_OK,PLC_INPUT,Bool,%I10.2,Датчик руху RD28,True,True,True,,
RD28_DI_Overflow_OK,PLC_INPUT,Bool,%I10.3,Датчик переповнення RD28,True,True,True,,
RD29_DI_Breaker_OK,PLC_INPUT,Bool,%I10.4,Автоматичний вимикач RD29,True,True,True,,
RD29_DI_Speed_OK,PLC_INPUT,Bool,%I10.5,Датчик руху RD29,True,True,True,,
RD29_DI_Overflow_OK,PLC_INPUT,Bool,%I10.6,Датчик переповнення RD29,True,True,True,,
RD30_DI_Breaker_OK,PLC_INPUT,Bool,%I10.7,Автоматичний вимикач RD30,True,True,True,,
RD30_DI_Speed_OK,PLC_INPUT,Bool,%I11.0,Датчик руху RD30,True,True,True,,
RD30_DI_Overflow_OK,PLC_INPUT,Bool,%I11.1,Датчик переповнення RD30,True,True,True,,
RD31_DI_Breaker_OK,PLC_INPUT,Bool,%I11.2,Автоматичний вимикач RD31,True,True,True,,
RD31_DI_Speed_OK,PLC_INPUT,Bool,%I11.3,Датчик руху RD31,True,True,True,,
RD31_DI_Overflow_OK,PLC_INPUT,Bool,%I11.4,Датчик переповнення RD31,True,True,True,,
RD32_DI_Breaker_OK,PLC_INPUT,Bool,%I11.5,Автоматичний вимикач RD32,True,True,True,,
RD32_DI_Speed_OK,PLC_INPUT,Bool,%I11.6,Датчик руху RD32,True,True,True,,
RD32_DI_Overflow_OK,PLC_INPUT,Bool,%I11.7,Датчик переповнення RD32,True,True,True,,
RD33_DI_Breaker_OK,PLC_INPUT,Bool,%I12.0,Автоматичний вимикач RD33,True,True,True,,
RD33_DI_Speed_OK,PLC_INPUT,Bool,%I12.1,Датчик руху RD33,True,True,True,,
RD33_DI_Overflow_OK,PLC_INPUT,Bool,%I12.2,Датчик переповнення RD33,True,True,True,,
RD34_DI_Breaker_OK,PLC_INPUT,Bool,%I12.3,Автоматичний вимикач RD34,True,True,True,,
RD34_DI_Speed_OK,PLC_INPUT,Bool,%I12.4,Датчик руху RD34,True,True,True,,
RD34_DI_Overflow_OK,PLC_INPUT,Bool,%I12.5,Датчик переповнення RD34,True,True,True,,
RD35_DI_Breaker_OK,PLC_INPUT,Bool,%I12.6,Автоматичний вимикач RD35,True,True,True,,
RD35_DI_Speed_OK,PLC_INPUT,Bool,%I12.7,Датчик руху RD35,True,True,True,,
RD35_DI_Overflow_OK,PLC_INPUT,Bool,%I13.0,Датчик переповнення RD35,True,True,True,,
RD36_DI_Breaker_OK,PLC_INPUT,Bool,%I13.1,Автоматичний вимикач RD36,True,True,True,,
RD36_DI_Speed_OK,PLC_INPUT,Bool,%I13.2,Датчик руху RD36,True,True,True,,
RD36_DI_Overflow_OK,PLC_INPUT,Bool,%I13.3,Датчик переповнення RD36,True,True,True,,
RD37_DI_Breaker_OK,PLC_INPUT,Bool,%I13.4,Автоматичний вимикач RD37,True,True,True,,
RD37_DI_Speed_OK,PLC_INPUT,Bool,%I13.5,Датчик руху RD37,True,True,True,,
RD37_DI_Overflow_OK,PLC_INPUT,Bool,%I13.6,Датчик переповнення RD37,True,True,True,,
RD38_DI_Breaker_OK,PLC_INPUT,Bool,%I13.7,Автоматичний вимикач RD38,True,True,True,,
RD38_DI_Speed_OK,PLC_INPUT,Bool,%I14.0,Датчик руху RD38,True,True,True,,
RD38_DI_Overflow_OK,PLC_INPUT,Bool,%I14.1,Датчик переповнення RD38,True,True,True,,
NR1_DI_Breaker_OK,PLC_INPUT,Bool,%I14.2,Автоматичний вимикач NR1,True,True,True,,
NR1_DI_Speed_OK,PLC_INPUT,Bool,%I14.3,Датчик руху NR1,True,True,True,,
NR1_DI_Alignment_OK,PLC_INPUT,Bool,%I14.4,Схід стрічки NR1,True,True,True,,
NR2_DI_Breaker_OK,PLC_INPUT,Bool,%I14.5,Автоматичний вимикач NR2,True,True,True,,
NR2_DI_Speed_OK,PLC_INPUT,Bool,%I14.6,Датчик руху NR2,True,True,True,,
NR2_DI_Alignment_OK,PLC_INPUT,Bool,%I14.7,Схід стрічки NR2,True,True,True,,
NR3_DI_Breaker_OK,PLC_INPUT,Bool,%I15.0,Автоматичний вимикач NR3,True,True,True,,
NR3_DI_Speed_OK,PLC_INPUT,Bool,%I15.1,Датчик руху NR3,True,True,True,,
NR3_DI_Alignment_OK,PLC_INPUT,Bool,%I15.2,Схід стрічки NR3,True,True,True,,
NR4_DI_Breaker_OK,PLC_INPUT,Bool,%I15.3,Автоматичний вимикач NR4,True,True,True,,
NR4_DI_Speed_OK,PLC_INPUT,Bool,%I15.4,Датчик руху NR4,True,True,True,,
NR4_DI_Alignment_OK,PLC_INPUT,Bool,%I15.5,Схід стрічки NR4,True,True,True,,
NR5_DI_Breaker_OK,PLC_INPUT,Bool,%I15.6,Автоматичний вимикач NR5,True,True,True,,
NR5_DI_Speed_OK,PLC_INPUT,Bool,%I15.7,Датчик руху NR5,True,True,True,,
NR5_DI_Alignment_OK,PLC_INPUT,Bool,%I16.0,Схід стрічки NR5,True,True,True,,
NR6_DI_Breaker_OK,PLC_INPUT,Bool,%I16.1,Автоматичний вимикач NR6,True,True,True,,
NR6_DI_Speed_OK,PLC_INPUT,Bool,%I16.2,Датчик руху NR6,True,True,True,,
NR6_DI_Alignment_OK,PLC_INPUT,Bool,%I16.3,Схід стрічки NR6,True,True,True,,
NR7_DI_Breaker_OK,PLC_INPUT,Bool,%I16.4,Автоматичний вимикач NR7,True,True,True,,
NR7_DI_Speed_OK,PLC_INPUT,Bool,%I16.5,Датчик руху NR7,True,True,True,,
NR7_DI_Alignment_OK,PLC_INPUT,Bool,%I16.6,Схід стрічки NR7,True,True,True,,
NR8_DI_Breaker_OK,PLC_INPUT,Bool,%I16.7,Автоматичний вимикач NR8,True,True,True,,
NR8_DI_Speed_OK,PLC_INPUT,Bool,%I17.0,Датчик руху NR8,True,True,True,,
NR8_DI_Alignment_OK,PLC_INPUT,Bool,%I17.1,Схід стрічки NR8,True,True,True,,
NR9_DI_Breaker_OK,PLC_INPUT,Bool,%I17.2,Автоматичний вимикач NR9,True,True,True,,
NR9_DI_Speed_OK,PLC_INPUT,Bool,%I17.3,Датчик руху NR9,True,True,True,,
NR9_DI_Alignment_OK,PLC_INPUT,Bool,%I17.4,Схід стрічки NR9,True,True,True,,
NR10_DI_Breaker_OK,PLC_INPUT,Bool,%I17.5,Автоматичний вимикач NR10,True,True,True,,
NR10_DI_Speed_OK,PLC_INPUT,Bool,%I17.6,Датчик руху NR10,True,True,True,,
NR10_DI_Alignment_OK,PLC_INPUT,Bool,%I17.7,Схід стрічки NR10,True,True,True,,
NR11_DI_Breaker_OK,PLC_INPUT,Bool,%I18.0,Автоматичний вимикач NR11,True,True,True,,
NR11_DI_Speed_OK,PLC_INPUT,Bool,%I18.1,Датчик руху NR11,True,True,True,,
NR11_DI_Alignment_OK,PLC_INPUT,Bool,%I18.2,Схід стрічки NR11,True,True,True,,
FD1_DI_Feedback_OK,PLC_INPUT,Bool,%I18.3,Фідбек контактору FD1,True,True,True,,
SEP1_DI_Feedback_OK,PLC_INPUT,Bool,%I18.4,Фідбек контактору SEP1,True,True,True,,
FN1_DI_Feedback_OK,PLC_INPUT,Bool,%I18.5,Фідбек контактору FN1,True,True,True,,
FD2_DI_Feedback_OK,PLC_INPUT,Bool,%I18.6,Фідбек контактору FD2,True,True,True,,
SEP2_DI_Feedback_OK,PLC_INPUT,Bool,%I18.7,Фідбек контактору SEP2,True,True,True,,
FN2_DI_Feedback_OK,PLC_INPUT,Bool,%I19.0,Фідбек контактору FN2,True,True,True,,
FD3_DI_Feedback_OK,PLC_INPUT,Bool,%I19.1,Фідбек контактору FD3,True,True,True,,
SEP3_DI_Feedback_OK,PLC_INPUT,Bool,%I19.2,Фідбек контактору SEP3,True,True,True,,
FN3_DI_Feedback_OK,PLC_INPUT,Bool,%I19.3,Фідбек контактору FN3,True,True,True,,
DR1_FN1_DI_Breaker_OK,PLC_INPUT,Bool,%I20.0,Автоматичний вимикач FN1 Сушарка№1,True,True,True,,
DR1_FN1_DI_Feedback_OK,PLC_INPUT,Bool,%I20.1,Фідбек контактору FN1 Сушарка№1,True,True,True,,
DR1_FN2_DI_Breaker_OK,PLC_INPUT,Bool,%I20.2,Автоматичний вимикач FN2 Сушарка№1,True,True,True,,
DR1_FN2_DI_Feedback_OK,PLC_INPUT,Bool,%I20.3,Фідбек контактору FN2 Сушарка№1,True,True,True,,
DR1_FN3_DI_Breaker_OK,PLC_INPUT,Bool,%I20.4,Автоматичний вимикач FN3 Сушарка№1,True,True,True,,
DR1_FN3_DI_Feedback_OK,PLC_INPUT,Bool,%I20.5,Фідбек контактору FN3 Сушарка№1,True,True,True,,
DR1_FN4_DI_Breaker_OK,PLC_INPUT,Bool,%I20.6,Автоматичний вимикач FN4 Сушарка№1,True,True,True,,
DR1_FN4_DI_Feedback_OK,PLC_INPUT,Bool,%I20.7,Фідбек контактору FN4 Сушарка№1,True,True,True,,
DR1_FN5_DI_Breaker_OK,PLC_INPUT,Bool,%I21.0,Автоматичний вимикач FN5 Сушарка№1,True,True,True,,
DR1_FN5_DI_Feedback_OK,PLC_INPUT,Bool,%I21.1,Фідбек контактору FN5 Сушарка№1,True,True,True,,
DR1_FN6_DI_Breaker_OK,PLC_INPUT,Bool,%I21.2,Автоматичний вимикач FN6 Сушарка№1,True,True,True,,
DR1_FN6_DI_Feedback_OK,PLC_INPUT,Bool,%I21.3,Фідбек контактору FN6 Сушарка№1,True,True,True,,
DR1_FN7_DI_Breaker_OK,PLC_INPUT,Bool,%I21.4,Автоматичний вимикач FN7 Сушарка№1,True,True,True,,
DR1_FN7_DI_Feedback_OK,PLC_INPUT,Bool,%I21.5,Фідбек контактору FN7 Сушарка№1,True,True,True,,
DR1_PAL1_DI_Breaker_OK,PLC_INPUT,Bool,%I21.6,Автоматичний вимикач PAL1 Сушарка№1,True,True,True,,
DR1_PAL1_DI_Auto_OK,PLC_INPUT,Bool,%I21.7,Автоматичний режим PAL1 Суршарка№1,True,True,True,,
DR1_PAL1_DI_Feedback1_OK,PLC_INPUT,Bool,%I22.0,Фідбек контактору PAL1 Сушарка№1,True,True,True,,
DR1_PAL1_DI_Alarm,PLC_INPUT,Bool,%I22.1,Сигнал аварії PAL1 Сушарка№1,True,True,True,,
DR1_PAL1_DI_DR_Temp_OK,PLC_INPUT,Bool,%I22.2,Температура в нормі Сушарка№1,True,True,True,,
DR1_PAL2_DI_Breaker_OK,PLC_INPUT,Bool,%I22.3,Автоматичний вимикач PAL2 Сушарка№1,True,True,True,,
DR1_PAL2_DI_Auto_OK,PLC_INPUT,Bool,%I22.4,Автоматичний режим PAL2 Суршарка№1,True,True,True,,
DR1_PAL2_DI_Feedback1_OK,PLC_INPUT,Bool,%I22.5,Фідбек контактору PAL2 Сушарка№1,True,True,True,,
DR1_PAL2_DI_Alarm,PLC_INPUT,Bool,%I22.6,Сигнал аварії PAL2 Сушарка№1,True,True,True,,
DR1_PAL2_DI_DR_Temp_OK,PLC_INPUT,Bool,%I22.7,Температура в нормі Сушарка№1,True,True,True,,
UW1_DI_Feedback_OK,PLC_INPUT,Bool,%I23.0,,True,True,True,,
DR2_FN1_DI_Breaker_OK,PLC_INPUT,Bool,%I23.1,Автоматичний вимикач FN1 Сушарка№2,True,True,True,,
DR2_FN1_DI_Feedback_OK,PLC_INPUT,Bool,%I23.2,Фідбек контактору FN1 Сушарка№2,True,True,True,,
DR2_FN2_DI_Breaker_OK,PLC_INPUT,Bool,%I23.3,Автоматичний вимикач FN2 Сушарка№2,True,True,True,,
DR2_FN2_DI_Feedback_OK,PLC_INPUT,Bool,%I23.4,Фідбек контактору FN2 Сушарка№2,True,True,True,,
DR2_FN3_DI_Breaker_OK,PLC_INPUT,Bool,%I23.5,Автоматичний вимикач FN3 Сушарка№2,True,True,True,,
DR2_FN3_DI_Feedback_OK,PLC_INPUT,Bool,%I23.6,Фідбек контактору FN3 Сушарка№2,True,True,True,,
DR2_FN4_DI_Breaker_OK,PLC_INPUT,Bool,%I23.7,Автоматичний вимикач FN4 Сушарка№2,True,True,True,,
DR2_FN4_DI_Feedback_OK,PLC_INPUT,Bool,%I24.0,Фідбек контактору FN4 Сушарка№2,True,True,True,,
DR2_FN5_DI_Breaker_OK,PLC_INPUT,Bool,%I24.1,Автоматичний вимикач FN5 Сушарка№2,True,True,True,,
DR2_FN5_DI_Feedback_OK,PLC_INPUT,Bool,%I24.2,Фідбек контактору FN5 Сушарка№2,True,True,True,,
DR2_FN6_DI_Breaker_OK,PLC_INPUT,Bool,%I24.3,Автоматичний вимикач FN6 Сушарка№2,True,True,True,,
DR2_FN6_DI_Feedback_OK,PLC_INPUT,Bool,%I24.4,Фідбек контактору FN6 Сушарка№2,True,True,True,,
DR2_FN7_DI_Breaker_OK,PLC_INPUT,Bool,%I24.5,Автоматичний вимикач FN7 Сушарка№2,True,True,True,,
DR2_FN7_DI_Feedback_OK,PLC_INPUT,Bool,%I24.6,Фідбек контактору FN7 Сушарка№2,True,True,True,,
DR2_PAL1_DI_Breaker_OK,PLC_INPUT,Bool,%I24.7,Автоматичний вимикач PAL1 Сушарка№2,True,True,True,,
DR2_PAL1_DI_Auto_OK,PLC_INPUT,Bool,%I25.0,Автоматичний режим PAL1 Суршарка№2,True,True,True,,
DR2_PAL1_DI_Feedback1_OK,PLC_INPUT,Bool,%I25.1,Фідбек контактору PAL1 Сушарка№2,True,True,True,,
DR2_PAL1_DI_Alarm,PLC_INPUT,Bool,%I25.2,Сигнал аварії PAL1 Сушарка№2,True,True,True,,
DR2_PAL1_DI_DR_Temp_OK,PLC_INPUT,Bool,%I25.3,Температура в нормі Сушарка№2,True,True,True,,
DR2_PAL2_DI_Breaker_OK,PLC_INPUT,Bool,%I25.4,Автоматичний вимикач PAL2 Сушарка№2,True,True,True,,
DR2_PAL2_DI_Auto_OK,PLC_INPUT,Bool,%I25.5,Автоматичний режим PAL2 Суршарка№2,True,True,True,,
DR2_PAL2_DI_Feedback1_OK,PLC_INPUT,Bool,%I25.6,Фідбек контактору PAL2 Сушарка№2,True,True,True,,
DR2_PAL2_DI_Alarm,PLC_INPUT,Bool,%I25.7,Сигнал аварії PAL2 Сушарка№2,True,True,True,,
DR2_PAL2_DI_DR_Temp_OK,PLC_INPUT,Bool,%I26.0,Температура в нормі Сушарка№2,True,True,True,,
UW2_DI_Feedback_OK,PLC_INPUT,Bool,%I26.1,,True,True,True,,
DR3_FN1_DI_Breaker_OK,PLC_INPUT,Bool,%I26.2,Автоматичний вимикач FN1 Сушарка№3,True,True,True,,
DR3_FN1_DI_Feedback_OK,PLC_INPUT,Bool,%I26.3,Фідбек контактору FN1 Сушарка№3,True,True,True,,
DR3_FN2_DI_Breaker_OK,PLC_INPUT,Bool,%I26.4,Автоматичний вимикач FN2 Сушарка№3,True,True,True,,
DR3_FN2_DI_Feedback_OK,PLC_INPUT,Bool,%I26.5,Фідбек контактору FN2 Сушарка№3,True,True,True,,
DR3_FN3_DI_Breaker_OK,PLC_INPUT,Bool,%I26.6,Автоматичний вимикач FN3 Сушарка№3,True,True,True,,
DR3_FN3_DI_Feedback_OK,PLC_INPUT,Bool,%I26.7,Фідбек контактору FN3 Сушарка№3,True,True,True,,
DR3_FN4_DI_Breaker_OK,PLC_INPUT,Bool,%I27.0,Автоматичний вимикач FN4 Сушарка№3,True,True,True,,
DR3_FN4_DI_Feedback_OK,PLC_INPUT,Bool,%I27.1,Фідбек контактору FN4 Сушарка№3,True,True,True,,
DR3_FN5_DI_Breaker_OK,PLC_INPUT,Bool,%I27.2,Автоматичний вимикач FN5 Сушарка№3,True,True,True,,
DR3_FN5_DI_Feedback_OK,PLC_INPUT,Bool,%I27.3,Фідбек контактору FN5 Сушарка№3,True,True,True,,
DR3_FN6_DI_Breaker_OK,PLC_INPUT,Bool,%I27.4,Автоматичний вимикач FN6 Сушарка№3,True,True,True,,
DR3_FN6_DI_Feedback_OK,PLC_INPUT,Bool,%I27.5,Фідбек контактору FN6 Сушарка№3,True,True,True,,
DR3_FN7_DI_Breaker_OK,PLC_INPUT,Bool,%I27.6,Автоматичний вимикач FN7 Сушарка№3,True,True,True,,
DR3_FN7_DI_Feedback_OK,PLC_INPUT,Bool,%I27.7,Фідбек контактору FN7 Сушарка№3,True,True,True,,
DR3_PAL1_DI_Breaker_OK,PLC_INPUT,Bool,%I28.0,Автоматичний вимикач PAL1 Сушарка№3,True,True,True,,
DR3_PAL1_DI_Auto_OK,PLC_INPUT,Bool,%I28.1,Автоматичний режим PAL1 Суршарка№3,True,True,True,,
DR3_PAL1_DI_Feedback1_OK,PLC_INPUT,Bool,%I28.2,Фідбек контактору PAL1 Сушарка№3,True,True,True,,
DR3_PAL1_DI_Alarm,PLC_INPUT,Bool,%I28.3,Сигнал аварії PAL1 Сушарка№3,True,True,True,,
DR3_PAL1_DI_DR_Temp_OK,PLC_INPUT,Bool,%I28.4,Температура в нормі Сушарка№3,True,True,True,,
DR3_PAL2_DI_Breaker_OK,PLC_INPUT,Bool,%I28.5,Автоматичний вимикач PAL2 Сушарка№3,True,True,True,,
DR3_PAL2_DI_Auto_OK,PLC_INPUT,Bool,%I28.6,Автоматичний режим PAL2 Суршарка№3,True,True,True,,
DR3_PAL2_DI_Feedback1_OK,PLC_INPUT,Bool,%I28.7,Фідбек контактору PAL2 Сушарка№3,True,True,True,,
DR3_PAL2_DI_Alarm,PLC_INPUT,Bool,%I29.0,Сигнал аварії PAL2 Сушарка№3,True,True,True,,
DR3_PAL2_DI_DR_Temp_OK,PLC_INPUT,Bool,%I29.1,Температура в нормі Сушарка№3,True,True,True,,
UW3_DI_Feedback_OK,PLC_INPUT,Bool,%I29.2,,True,True,True,,
GT5_1_DI_Breaker_OK,PLC_INPUT,Bool,%I29.3,Автоматичний вимикач GT5.1,True,True,True,,
GT5_1_DI_Pos0_OK,PLC_INPUT,Bool,%I29.4,Датчик положення (відкрито) GT5.1,True,True,True,,
GT5_1_DI_Pos1_OK,PLC_INPUT,Bool,%I29.5,Датчик положення (закрито) GT5.1,True,True,True,,
GT5_2_DI_Breaker_OK,PLC_INPUT,Bool,%I29.6,Автоматичний вимикач GT5.2,True,True,True,,
GT5_2_DI_Pos0_OK,PLC_INPUT,Bool,%I29.7,Датчик положення (відкрито) GT5.2,True,True,True,,
GT5_2_DI_Pos1_OK,PLC_INPUT,Bool,%I30.0,Датчик положення (закрито) GT5.2,True,True,True,,
GT5_3_DI_Breaker_OK,PLC_INPUT,Bool,%I30.1,Автоматичний вимикач GT5.3,True,True,True,,
GT5_3_DI_Pos0_OK,PLC_INPUT,Bool,%I30.2,Датчик положення (відкрито) GT5.3,True,True,True,,
GT5_3_DI_Pos1_OK,PLC_INPUT,Bool,%I30.3,Датчик положення (закрито) GT5.3,True,True,True,,
GT6_1_DI_Breaker_OK,PLC_INPUT,Bool,%I30.4,Автоматичний вимикач GT6.1,True,True,True,,
GT6_1_DI_Pos0_OK,PLC_INPUT,Bool,%I30.5,Датчик положення (відкрито) GT6.1,True,True,True,,
GT6_1_DI_Pos1_OK,PLC_INPUT,Bool,%I30.6,Датчик положення (закрито) GT6.1,True,True,True,,
GT6_2_DI_Breaker_OK,PLC_INPUT,Bool,%I30.7,Автоматичний вимикач GT6.2,True,True,True,,
GT6_2_DI_Pos0_OK,PLC_INPUT,Bool,%I31.0,Датчик положення (відкрито) GT6.2,True,True,True,,
GT6_2_DI_Pos1_OK,PLC_INPUT,Bool,%I31.1,Датчик положення (закрито) GT6.2,True,True,True,,
GT6_3_DI_Breaker_OK,PLC_INPUT,Bool,%I31.2,Автоматичний вимикач GT6.3,True,True,True,,
GT6_3_DI_Pos0_OK,PLC_INPUT,Bool,%I31.3,Датчик положення (відкрито) GT6.3,True,True,True,,
GT6_3_DI_Pos1_OK,PLC_INPUT,Bool,%I31.4,Датчик положення (закрито) GT6.3,True,True,True,,
GT7_1_DI_Breaker_OK,PLC_INPUT,Bool,%I31.5,Автоматичний вимикач GT7.1,True,True,True,,
GT7_1_DI_Pos0_OK,PLC_INPUT,Bool,%I31.6,Датчик положення (відкрито) GT7.1,True,True,True,,
GT7_1_DI_Pos1_OK,PLC_INPUT,Bool,%I31.7,Датчик положення (закрито) GT7.1,True,True,True,,
GT7_2_DI_Breaker_OK,PLC_INPUT,Bool,%I32.0,Автоматичний вимикач GT7.2,True,True,True,,
GT7_2_DI_Pos0_OK,PLC_INPUT,Bool,%I32.1,Датчик положення (відкрито) GT7.2,True,True,True,,
GT7_2_DI_Pos1_OK,PLC_INPUT,Bool,%I32.2,Датчик положення (закрито) GT7.2,True,True,True,,
GT8_1_DI_Breaker_OK,PLC_INPUT,Bool,%I32.3,Автоматичний вимикач GT8.1,True,True,True,,
GT8_1_DI_Pos0_OK,PLC_INPUT,Bool,%I32.4,Датчик положення (відкрито) GT8.1,True,True,True,,
GT8_1_DI_Pos1_OK,PLC_INPUT,Bool,%I32.5,Датчик положення (закрито) GT8.1,True,True,True,,
GT8_2_DI_Breaker_OK,PLC_INPUT,Bool,%I32.6,Автоматичний вимикач GT8.2,True,True,True,,
GT8_2_DI_Pos0_OK,PLC_INPUT,Bool,%I32.7,Датчик положення (відкрито) GT8.2,True,True,True,,
GT8_2_DI_Pos1_OK,PLC_INPUT,Bool,%I33.0,Датчик положення (закрито) GT8.2,True,True,True,,
GT8_3_DI_Breaker_OK,PLC_INPUT,Bool,%I33.1,Автоматичний вимикач GT8.3,True,True,True,,
GT8_3_DI_Pos0_OK,PLC_INPUT,Bool,%I33.2,Датчик положення (відкрито) GT8.3,True,True,True,,
GT8_3_DI_Pos1_OK,PLC_INPUT,Bool,%I33.3,Датчик положення (закрито) GT8.3,True,True,True,,
GT9_1_DI_Breaker_OK,PLC_INPUT,Bool,%I33.4,Автоматичний вимикач GT9.1,True,True,True,,
GT9_1_DI_Pos0_OK,PLC_INPUT,Bool,%I33.5,Датчик положення (відкрито) GT9.1,True,True,True,,
GT9_1_DI_Pos1_OK,PLC_INPUT,Bool,%I33.6,Датчик положення (закрито) GT9.1,True,True,True,,
GT9_2_DI_Breaker_OK,PLC_INPUT,Bool,%I33.7,Автоматичний вимикач GT9.2,True,True,True,,
GT9_2_DI_Pos0_OK,PLC_INPUT,Bool,%I34.0,Датчик положення (відкрито) GT9.2,True,True,True,,
GT9_2_DI_Pos1_OK,PLC_INPUT,Bool,%I34.1,Датчик положення (закрито) GT9.2,True,True,True,,
GT10_1_DI_Breaker_OK,PLC_INPUT,Bool,%I34.2,Автоматичний вимикач GT10.1,True,True,True,,
GT10_1_DI_Pos0_OK,PLC_INPUT,Bool,%I34.3,Датчик положення (відкрито) GT10.1,True,True,True,,
GT10_1_DI_Pos1_OK,PLC_INPUT,Bool,%I34.4,Датчик положення (закрито) GT10.1,True,True,True,,
GT10_2_DI_Breaker_OK,PLC_INPUT,Bool,%I34.5,Автоматичний вимикач GT10.2,True,True,True,,
GT10_2_DI_Pos0_OK,PLC_INPUT,Bool,%I34.6,Датчик положення (відкрито) GT10.2,True,True,True,,
GT10_2_DI_Pos1_OK,PLC_INPUT,Bool,%I34.7,Датчик положення (закрито) GT10.2,True,True,True,,
GT11_1_DI_Breaker_OK,PLC_INPUT,Bool,%I35.0,Автоматичний вимикач GT11.1,True,True,True,,
GT11_1_DI_Pos0_OK,PLC_INPUT,Bool,%I35.1,Датчик положення (відкрито) GT11.1,True,True,True,,
GT11_1_DI_Pos1_OK,PLC_INPUT,Bool,%I35.2,Датчик положення (закрито) GT11.1,True,True,True,,
GT11_2_DI_Breaker_OK,PLC_INPUT,Bool,%I35.3,Автоматичний вимикач GT11.2,True,True,True,,
GT11_2_DI_Pos0_OK,PLC_INPUT,Bool,%I35.4,Датчик положення (відкрито) GT11.2,True,True,True,,
GT11_2_DI_Pos1_OK,PLC_INPUT,Bool,%I35.5,Датчик положення (закрито) GT11.2,True,True,True,,
GT12_1_DI_Breaker_OK,PLC_INPUT,Bool,%I35.6,Автоматичний вимикач GT12.1,True,True,True,,
GT12_1_DI_Pos0_OK,PLC_INPUT,Bool,%I35.7,Датчик положення (відкрито) GT12.1,True,True,True,,
GT12_1_DI_Pos1_OK,PLC_INPUT,Bool,%I36.0,Датчик положення (закрито) GT12.1,True,True,True,,
GT12_2_DI_Breaker_OK,PLC_INPUT,Bool,%I36.1,Автоматичний вимикач GT12.2,True,True,True,,
GT12_2_DI_Pos0_OK,PLC_INPUT,Bool,%I36.2,Датчик положення (відкрито) GT12.2,True,True,True,,
GT12_2_DI_Pos1_OK,PLC_INPUT,Bool,%I36.3,Датчик положення (закрито) GT12.2,True,True,True,,
GT14_1_DI_Breaker_OK,PLC_INPUT,Bool,%I36.4,Автоматичний вимикач GT14.1,True,True,True,,
GT14_1_DI_Pos0_OK,PLC_INPUT,Bool,%I36.5,Датчик положення (відкрито) GT14.1,True,True,True,,
GT14_1_DI_Pos1_OK,PLC_INPUT,Bool,%I36.6,Датчик положення (закрито) GT14.1,True,True,True,,
GT14_2_DI_Breaker_OK,PLC_INPUT,Bool,%I36.7,Автоматичний вимикач GT14.2,True,True,True,,
GT14_2_DI_Pos0_OK,PLC_INPUT,Bool,%I37.0,Датчик положення (відкрито) GT14.2,True,True,True,,
GT14_2_DI_Pos1_OK,PLC_INPUT,Bool,%I37.1,Датчик положення (закрито) GT14.2,True,True,True,,
GT15_1_DI_Breaker_OK,PLC_INPUT,Bool,%I37.2,Автоматичний вимикач GT15.1,True,True,True,,
GT15_1_DI_Pos0_OK,PLC_INPUT,Bool,%I37.3,Датчик положення (відкрито) GT15.1,True,True,True,,
GT15_1_DI_Pos1_OK,PLC_INPUT,Bool,%I37.4,Датчик положення (закрито) GT15.1,True,True,True,,
GT15_2_DI_Breaker_OK,PLC_INPUT,Bool,%I37.5,Автоматичний вимикач GT15.2,True,True,True,,
GT15_2_DI_Pos0_OK,PLC_INPUT,Bool,%I37.6,Датчик положення (відкрито) GT15.2,True,True,True,,
GT15_2_DI_Pos1_OK,PLC_INPUT,Bool,%I37.7,Датчик положення (закрито) GT15.2,True,True,True,,
GT18_1_DI_Breaker_OK,PLC_INPUT,Bool,%I38.0,Автоматичний вимикач GT18.1,True,True,True,,
GT18_1_DI_Pos0_OK,PLC_INPUT,Bool,%I38.1,Датчик положення (відкрито) GT18.1,True,True,True,,
GT18_1_DI_Pos1_OK,PLC_INPUT,Bool,%I38.2,Датчик положення (закрито) GT18.1,True,True,True,,
GT18_2_DI_Breaker_OK,PLC_INPUT,Bool,%I38.3,Автоматичний вимикач GT18.2,True,True,True,,
GT18_2_DI_Pos0_OK,PLC_INPUT,Bool,%I38.4,Датчик положення (відкрито) GTGT18.2,True,True,True,,
GT18_2_DI_Pos1_OK,PLC_INPUT,Bool,%I38.5,Датчик положення (закрито) GTGT18.2,True,True,True,,
GT19_1_DI_Breaker_OK,PLC_INPUT,Bool,%I38.6,Автоматичний вимикач GT19.1,True,True,True,,
GT19_1_DI_Pos0_OK,PLC_INPUT,Bool,%I38.7,Датчик положення (відкрито) GT19.1,True,True,True,,
GT19_1_DI_Pos1_OK,PLC_INPUT,Bool,%I39.0,Датчик положення (закрито) GT19.1,True,True,True,,
GT19_2_DI_Breaker_OK,PLC_INPUT,Bool,%I39.1,Автоматичний вимикач GT19.2,True,True,True,,
GT19_2_DI_Pos0_OK,PLC_INPUT,Bool,%I39.2,Датчик положення (відкрито) GT19.2,True,True,True,,
GT19_2_DI_Pos1_OK,PLC_INPUT,Bool,%I39.3,Датчик положення (закрито) GT19.2,True,True,True,,
GT20_1_DI_Breaker_OK,PLC_INPUT,Bool,%I39.4,Автоматичний вимикач GT20.1,True,True,True,,
GT20_1_DI_Pos0_OK,PLC_INPUT,Bool,%I39.5,Датчик положення (відкрито) GT20.1,True,True,True,,
GT20_1_DI_Pos1_OK,PLC_INPUT,Bool,%I39.6,Датчик положення (закрито) GT20.1,True,True,True,,
GT20_2_DI_Breaker_OK,PLC_INPUT,Bool,%I39.7,Автоматичний вимикач GT20.2,True,True,True,,
GT20_2_DI_Pos0_OK,PLC_INPUT,Bool,%I40.0,Датчик положення (відкрито) GT20.2,True,True,True,,
GT20_2_DI_Pos1_OK,PLC_INPUT,Bool,%I40.1,Датчик положення (закрито) GT20.2,True,True,True,,
GT21_1_DI_Breaker_OK,PLC_INPUT,Bool,%I40.2,Автоматичний вимикач GT21.1,True,True,True,,
GT21_1_DI_Pos0_OK,PLC_INPUT,Bool,%I40.3,Датчик положення (відкрито) GT21.1,True,True,True,,
GT21_1_DI_Pos1_OK,PLC_INPUT,Bool,%I40.4,Датчик положення (закрито) GT21.1,True,True,True,,
GT21_2_DI_Breaker_OK,PLC_INPUT,Bool,%I40.5,Автоматичний вимикач GT21.2,True,True,True,,
GT21_2_DI_Pos0_OK,PLC_INPUT,Bool,%I40.6,Датчик положення (відкрито) GT21.2,True,True,True,,
GT21_2_DI_Pos1_OK,PLC_INPUT,Bool,%I40.7,Датчик положення (закрито) GT21.2,True,True,True,,
GT21_3_DI_Breaker_OK,PLC_INPUT,Bool,%I41.0,Автоматичний вимикач GT21.3,True,True,True,,
GT21_3_DI_Pos0_OK,PLC_INPUT,Bool,%I41.1,Датчик положення (відкрито) GT21.3,True,True,True,,
GT21_3_DI_Pos1_OK,PLC_INPUT,Bool,%I41.2,Датчик положення (закрито) GT21.3,True,True,True,,
GT21_4_DI_Breaker_OK,PLC_INPUT,Bool,%I41.3,Автоматичний вимикач GT21.4,True,True,True,,
GT21_4_DI_Pos0_OK,PLC_INPUT,Bool,%I41.4,Датчик положення (відкрито) GT21.4,True,True,True,,
GT21_4_DI_Pos1_OK,PLC_INPUT,Bool,%I41.5,Датчик положення (закрито) GT21.4,True,True,True,,
GT22_1_DI_Breaker_OK,PLC_INPUT,Bool,%I41.6,Автоматичний вимикач GT22.1,True,True,True,,
GT22_1_DI_Pos0_OK,PLC_INPUT,Bool,%I41.7,Датчик положення (відкрито) GT22.1,True,True,True,,
GT22_1_DI_Pos1_OK,PLC_INPUT,Bool,%I42.0,Датчик положення (закрито) GT22.1,True,True,True,,
GT22_2_DI_Breaker_OK,PLC_INPUT,Bool,%I42.1,Автоматичний вимикач GT22.2,True,True,True,,
GT22_2_DI_Pos0_OK,PLC_INPUT,Bool,%I42.2,Датчик положення (відкрито) GT22.2,True,True,True,,
GT22_2_DI_Pos1_OK,PLC_INPUT,Bool,%I42.3,Датчик положення (закрито) GT22.2,True,True,True,,
GT22_3_DI_Breaker_OK,PLC_INPUT,Bool,%I42.4,Автоматичний вимикач GT22.3,True,True,True,,
GT22_3_DI_Pos0_OK,PLC_INPUT,Bool,%I42.5,Датчик положення (відкрито) GT22.3,True,True,True,,
GT22_3_DI_Pos1_OK,PLC_INPUT,Bool,%I42.6,Датчик положення (закрито) GT22.3,True,True,True,,
GT22_4_DI_Breaker_OK,PLC_INPUT,Bool,%I42.7,Автоматичний вимикач GT22.4,True,True,True,,
GT22_4_DI_Pos0_OK,PLC_INPUT,Bool,%I43.0,Датчик положення (відкрито) GT22.4,True,True,True,,
GT22_4_DI_Pos1_OK,PLC_INPUT,Bool,%I43.1,Датчик положення (закрито) GT22.4,True,True,True,,
GT23_1_DI_Breaker_OK,PLC_INPUT,Bool,%I43.2,Автоматичний вимикач GT23.1,True,True,True,,
GT23_1_DI_Pos0_OK,PLC_INPUT,Bool,%I43.3,Датчик положення (відкрито) GT23.1,True,True,True,,
GT23_1_DI_Pos1_OK,PLC_INPUT,Bool,%I43.4,Датчик положення (закрито) GT23.1,True,True,True,,
GT23_2_DI_Breaker_OK,PLC_INPUT,Bool,%I43.5,Автоматичний вимикач GT23.2,True,True,True,,
GT23_2_DI_Pos0_OK,PLC_INPUT,Bool,%I43.6,Датчик положення (відкрито) GT23.2,True,True,True,,
GT23_2_DI_Pos1_OK,PLC_INPUT,Bool,%I43.7,Датчик положення (закрито) GT23.2,True,True,True,,
GT23_3_DI_Breaker_OK,PLC_INPUT,Bool,%I44.0,Автоматичний вимикач GT23.3,True,True,True,,
GT23_3_DI_Pos0_OK,PLC_INPUT,Bool,%I44.1,Датчик положення (відкрито) GT23.3,True,True,True,,
GT23_3_DI_Pos1_OK,PLC_INPUT,Bool,%I44.2,Датчик положення (закрито) GT23.3,True,True,True,,
GT23_4_DI_Breaker_OK,PLC_INPUT,Bool,%I44.3,Автоматичний вимикач GT23.4,True,True,True,,
GT23_4_DI_Pos0_OK,PLC_INPUT,Bool,%I44.4,Датчик положення (відкрито) GT23.4,True,True,True,,
GT23_4_DI_Pos1_OK,PLC_INPUT,Bool,%I44.5,Датчик положення (закрито) GT23.4,True,True,True,,
GT24_1_DI_Breaker_OK,PLC_INPUT,Bool,%I44.6,Автоматичний вимикач GT24.1,True,True,True,,
GT24_1_DI_Pos0_OK,PLC_INPUT,Bool,%I44.7,Датчик положення (відкрито) GT24.1,True,True,True,,
GT24_1_DI_Pos1_OK,PLC_INPUT,Bool,%I45.0,Датчик положення (закрито) GT24.1,True,True,True,,
GT24_2_DI_Breaker_OK,PLC_INPUT,Bool,%I45.1,Автоматичний вимикач GT24.2,True,True,True,,
GT24_2_DI_Pos0_OK,PLC_INPUT,Bool,%I45.2,Датчик положення (відкрито) GT24.2,True,True,True,,
GT24_2_DI_Pos1_OK,PLC_INPUT,Bool,%I45.3,Датчик положення (закрито) GT24.2,True,True,True,,
GT25_1_DI_Breaker_OK,PLC_INPUT,Bool,%I45.4,Автоматичний вимикач GT25.1,True,True,True,,
GT25_1_DI_Pos0_OK,PLC_INPUT,Bool,%I45.5,Датчик положення (відкрито) GT25.1,True,True,True,,
GT25_1_DI_Pos1_OK,PLC_INPUT,Bool,%I45.6,Датчик положення (закрито) GT25.1,True,True,True,,
GT25_2_DI_Breaker_OK,PLC_INPUT,Bool,%I45.7,Автоматичний вимикач GT25.2,True,True,True,,
GT25_2_DI_Pos0_OK,PLC_INPUT,Bool,%I46.0,Датчик положення (відкрито) GT25.2,True,True,True,,
GT25_2_DI_Pos1_OK,PLC_INPUT,Bool,%I46.1,Датчик положення (закрито) GT25.2,True,True,True,,
GT26_1_DI_Breaker_OK,PLC_INPUT,Bool,%I46.2,Автоматичний вимикач GT26.1,True,True,True,,
GT26_1_DI_Pos0_OK,PLC_INPUT,Bool,%I46.3,Датчик положення (відкрито) GT26.1,True,True,True,,
GT26_1_DI_Pos1_OK,PLC_INPUT,Bool,%I46.4,Датчик положення (закрито) GT26.1,True,True,True,,
GT26_2_DI_Breaker_OK,PLC_INPUT,Bool,%I46.5,Автоматичний вимикач GT26.2,True,True,True,,
GT26_2_DI_Pos0_OK,PLC_INPUT,Bool,%I46.6,Датчик положення (відкрито) GT26.2,True,True,True,,
GT26_2_DI_Pos1_OK,PLC_INPUT,Bool,%I46.7,Датчик положення (закрито) GT26.2,True,True,True,,
GT30_1_DI_Breaker_OK,PLC_INPUT,Bool,%I47.0,Автоматичний вимикач GT30.1,True,True,True,,
GT30_1_DI_Pos0_OK,PLC_INPUT,Bool,%I47.1,Датчик положення (відкрито) GT30.1,True,True,True,,
GT30_1_DI_Pos1_OK,PLC_INPUT,Bool,%I47.2,Датчик положення (закрито) GT30.1,True,True,True,,
GT30_2_DI_Breaker_OK,PLC_INPUT,Bool,%I47.3,Автоматичний вимикач GT30.2,True,True,True,,
GT30_2_DI_Pos0_OK,PLC_INPUT,Bool,%I47.4,Датчик положення (відкрито) GT30.2,True,True,True,,
GT30_2_DI_Pos1_OK,PLC_INPUT,Bool,%I47.5,Датчик положення (закрито) GT30.2,True,True,True,,
GT31_1_DI_Breaker_OK,PLC_INPUT,Bool,%I47.6,Автоматичний вимикач GT31.1,True,True,True,,
GT31_1_DI_Pos0_OK,PLC_INPUT,Bool,%I47.7,Датчик положення (відкрито) GT31.1,True,True,True,,
GT31_1_DI_Pos1_OK,PLC_INPUT,Bool,%I48.0,Датчик положення (закрито) GT31.1,True,True,True,,
GT31_2_DI_Breaker_OK,PLC_INPUT,Bool,%I48.1,Автоматичний вимикач GT31.2,True,True,True,,
GT31_2_DI_Pos0_OK,PLC_INPUT,Bool,%I48.2,Датчик положення (відкрито) GT31.2,True,True,True,,
GT31_2_DI_Pos1_OK,PLC_INPUT,Bool,%I48.3,Датчик положення (закрито) GT31.2,True,True,True,,
GT32_1_DI_Breaker_OK,PLC_INPUT,Bool,%I48.4,Автоматичний вимикач GT32.1,True,True,True,,
GT32_1_DI_Pos0_OK,PLC_INPUT,Bool,%I48.5,Датчик положення (відкрито) GT32.1,True,True,True,,
GT32_1_DI_Pos1_OK,PLC_INPUT,Bool,%I48.6,Датчик положення (закрито) GT32.1,True,True,True,,
GT32_2_DI_Breaker_OK,PLC_INPUT,Bool,%I48.7,Автоматичний вимикач GT32.2,True,True,True,,
GT32_2_DI_Pos0_OK,PLC_INPUT,Bool,%I49.0,Датчик положення (відкрито) GT32.2,True,True,True,,
GT32_2_DI_Pos1_OK,PLC_INPUT,Bool,%I49.1,Датчик положення (закрито) GT32.2,True,True,True,,
GT35_1_DI_Breaker_OK,PLC_INPUT,Bool,%I49.2,Автоматичний вимикач GT35.1,True,True,True,,
GT35_1_DI_Pos0_OK,PLC_INPUT,Bool,%I49.3,Датчик положення (відкрито) GT35.1,True,True,True,,
GT35_1_DI_Pos1_OK,PLC_INPUT,Bool,%I49.4,Датчик положення (закрито) GT35.1,True,True,True,,
GT35_2_DI_Breaker_OK,PLC_INPUT,Bool,%I49.5,Автоматичний вимикач GT35.2,True,True,True,,
GT35_2_DI_Pos0_OK,PLC_INPUT,Bool,%I49.6,Датчик положення (відкрито) GT35.2,True,True,True,,
GT35_2_DI_Pos1_OK,PLC_INPUT,Bool,%I49.7,Датчик положення (закрито) GT35.2,True,True,True,,
GT36_1_DI_Breaker_OK,PLC_INPUT,Bool,%I50.0,Автоматичний вимикач GT36.1,True,True,True,,
GT36_1_DI_Pos0_OK,PLC_INPUT,Bool,%I50.1,Датчик положення (відкрито) GT36.1,True,True,True,,
GT36_1_DI_Pos1_OK,PLC_INPUT,Bool,%I50.2,Датчик положення (закрито) GT36.1,True,True,True,,
GT36_2_DI_Breaker_OK,PLC_INPUT,Bool,%I50.3,Автоматичний вимикач GT36.2,True,True,True,,
GT36_2_DI_Pos0_OK,PLC_INPUT,Bool,%I50.4,Датчик положення (відкрито) GT36.2,True,True,True,,
GT36_2_DI_Pos1_OK,PLC_INPUT,Bool,%I50.5,Датчик положення (закрито) GT36.2,True,True,True,,
GT36_3_DI_Breaker_OK,PLC_INPUT,Bool,%I50.6,Автоматичний вимикач GT36.3,True,True,True,,
GT36_3_DI_Pos0_OK,PLC_INPUT,Bool,%I50.7,Датчик положення (відкрито) GT36.3,True,True,True,,
GT36_3_DI_Pos1_OK,PLC_INPUT,Bool,%I51.0,Датчик положення (закрито) GT36.3,True,True,True,,
GT38_1_DI_Breaker_OK,PLC_INPUT,Bool,%I51.1,Автоматичний вимикач GT38.1,True,True,True,,
GT38_1_DI_Pos0_OK,PLC_INPUT,Bool,%I51.2,Датчик положення (відкрито) GT38.1,True,True,True,,
GT38_1_DI_Pos1_OK,PLC_INPUT,Bool,%I51.3,Датчик положення (закрито) GT38.1,True,True,True,,
GT38_2_DI_Breaker_OK,PLC_INPUT,Bool,%I51.4,Автоматичний вимикач GT38.2,True,True,True,,
GT38_2_DI_Pos0_OK,PLC_INPUT,Bool,%I51.5,Датчик положення (відкрито) GT38.2,True,True,True,,
GT38_2_DI_Pos1_OK,PLC_INPUT,Bool,%I51.6,Датчик положення (закрито) GT38.2,True,True,True,,
VL1_DI_Breaker_OK,PLC_INPUT,Bool,%I59.0,Автоматичний вимикач VL1,True,True,True,,
VL1_DI_Pos0_OK,PLC_INPUT,Bool,%I59.1,Датчик положення (ліво) VL1,True,True,True,,
VL1_DI_Pos1_OK,PLC_INPUT,Bool,%I59.2,Датчик положення (право) VL1,True,True,True,,
VL2_DI_Breaker_OK,PLC_INPUT,Bool,%I59.3,Автоматичний вимикач VL2,True,True,True,,
VL2_DI_Pos0_OK,PLC_INPUT,Bool,%I59.4,Датчик положення (ліво) VL2,True,True,True,,
VL2_DI_Pos1_OK,PLC_INPUT,Bool,%I59.5,Датчик положення (право) VL2,True,True,True,,
VL3_DI_Breaker_OK,PLC_INPUT,Bool,%I59.6,Автоматичний вимикач VL3,True,True,True,,
VL3_DI_Pos0_OK,PLC_INPUT,Bool,%I59.7,Датчик положення (ліво) VL3,True,True,True,,
VL3_DI_Pos1_OK,PLC_INPUT,Bool,%I60.0,Датчик положення (право) VL3,True,True,True,,
VL4_DI_Breaker_OK,PLC_INPUT,Bool,%I60.1,Автоматичний вимикач VL4,True,True,True,,
VL4_DI_Pos0_OK,PLC_INPUT,Bool,%I60.2,Датчик положення (ліво) VL4,True,True,True,,
VL4_DI_Pos1_OK,PLC_INPUT,Bool,%I60.3,Датчик положення (право) VL4,True,True,True,,
VL5_DI_Breaker_OK,PLC_INPUT,Bool,%I60.4,Автоматичний вимикач VL5,True,True,True,,
VL5_DI_Pos0_OK,PLC_INPUT,Bool,%I60.5,Датчик положення (ліво) VL5,True,True,True,,
VL5_DI_Pos1_OK,PLC_INPUT,Bool,%I60.6,Датчик положення (право) VL5,True,True,True,,
VL6_DI_Breaker_OK,PLC_INPUT,Bool,%I60.7,Автоматичний вимикач VL6,True,True,True,,
VL6_DI_Pos0_OK,PLC_INPUT,Bool,%I61.0,Датчик положення (ліво) VL6,True,True,True,,
VL6_DI_Pos1_OK,PLC_INPUT,Bool,%I61.1,Датчик положення (право) VL6,True,True,True,,
VL7_DI_Breaker_OK,PLC_INPUT,Bool,%I61.2,Автоматичний вимикач VL7,True,True,True,,
VL7_DI_Pos0_OK,PLC_INPUT,Bool,%I61.3,Датчик положення (ліво) VL7,True,True,True,,
VL7_DI_Pos1_OK,PLC_INPUT,Bool,%I61.4,Датчик положення (право) VL7,True,True,True,,
VL8_DI_Breaker_OK,PLC_INPUT,Bool,%I61.5,Автоматичний вимикач VL8,True,True,True,,
VL8_DI_Pos0_OK,PLC_INPUT,Bool,%I61.6,Датчик положення (ліво) VL8,True,True,True,,
VL8_DI_Pos1_OK,PLC_INPUT,Bool,%I61.7,Датчик положення (право) VL8,True,True,True,,
VL9_DI_Breaker_OK,PLC_INPUT,Bool,%I62.0,Автоматичний вимикач VL9,True,True,True,,
VL9_DI_Pos0_OK,PLC_INPUT,Bool,%I62.1,Датчик положення (ліво) VL9,True,True,True,,
VL9_DI_Pos1_OK,PLC_INPUT,Bool,%I62.2,Датчик положення (право) VL9,True,True,True,,
VL10_DI_Breaker_OK,PLC_INPUT,Bool,%I62.3,Автоматичний вимикач VL10,True,True,True,,
VL10_DI_Pos0_OK,PLC_INPUT,Bool,%I62.4,Датчик положення (ліво) VL10,True,True,True,,
VL10_DI_Pos1_OK,PLC_INPUT,Bool,%I62.5,Датчик положення (право) VL10,True,True,True,,
VL11_DI_Breaker_OK,PLC_INPUT,Bool,%I62.6,Автоматичний вимикач VL11,True,True,True,,
VL11_DI_Pos0_OK,PLC_INPUT,Bool,%I62.7,Датчик положення (ліво) VL11,True,True,True,,
VL11_DI_Pos1_OK,PLC_INPUT,Bool,%I63.0,Датчик положення (право) VL11,True,True,True,,
VL12_DI_Breaker_OK,PLC_INPUT,Bool,%I63.1,Автоматичний вимикач VL12,True,True,True,,
VL12_DI_Pos0_OK,PLC_INPUT,Bool,%I63.2,Датчик положення (ліво) VL12,True,True,True,,
VL12_DI_Pos1_OK,PLC_INPUT,Bool,%I63.3,Датчик положення (право) VL12,True,True,True,,
VL13_DI_Breaker_OK,PLC_INPUT,Bool,%I63.4,Автоматичний вимикач VL13,True,True,True,,
VL13_DI_Pos0_OK,PLC_INPUT,Bool,%I63.5,Датчик положення (ліво) VL13,True,True,True,,
VL13_DI_Pos1_OK,PLC_INPUT,Bool,%I63.6,Датчик положення (право) VL13,True,True,True,,
VL14_DI_Breaker_OK,PLC_INPUT,Bool,%I63.7,Автоматичний вимикач VL14,True,True,True,,
VL14_DI_Pos0_OK,PLC_INPUT,Bool,%I64.0,Датчик положення (ліво) VL14,True,True,True,,
VL14_DI_Pos1_OK,PLC_INPUT,Bool,%I64.1,Датчик положення (право) VL14,True,True,True,,
VL15_DI_Breaker_OK,PLC_INPUT,Bool,%I64.2,Автоматичний вимикач VL15,True,True,True,,
VL15_DI_Pos0_OK,PLC_INPUT,Bool,%I64.3,Датчик положення (ліво) VL15,True,True,True,,
VL15_DI_Pos1_OK,PLC_INPUT,Bool,%I64.4,Датчик положення (право) VL15,True,True,True,,
VL16_DI_Breaker_OK,PLC_INPUT,Bool,%I64.5,Автоматичний вимикач VL16,True,True,True,,
VL16_DI_Pos0_OK,PLC_INPUT,Bool,%I64.6,Датчик положення (ліво) VL16,True,True,True,,
VL16_DI_Pos1_OK,PLC_INPUT,Bool,%I64.7,Датчик положення (право) VL16,True,True,True,,
VL17_DI_Breaker_OK,PLC_INPUT,Bool,%I65.0,Автоматичний вимикач VL17,True,True,True,,
VL17_DI_Pos0_OK,PLC_INPUT,Bool,%I65.1,Датчик положення (ліво) VL17,True,True,True,,
VL17_DI_Pos1_OK,PLC_INPUT,Bool,%I65.2,Датчик положення (право) VL17,True,True,True,,
VL18_DI_Breaker_OK,PLC_INPUT,Bool,%I65.3,Автоматичний вимикач VL18,True,True,True,,
VL18_DI_Pos0_OK,PLC_INPUT,Bool,%I65.4,Датчик положення (ліво) VL18,True,True,True,,
VL18_DI_Pos1_OK,PLC_INPUT,Bool,%I65.5,Датчик положення (право) VL18,True,True,True,,
VL19_DI_Breaker_OK,PLC_INPUT,Bool,%I65.6,Автоматичний вимикач VL19,True,True,True,,
VL19_DI_Pos0_1_OK,PLC_INPUT,Bool,%I65.7,Датчик положення (ліво1) VL19,True,True,True,,
VL19_DI_Pos1_1_OK,PLC_INPUT,Bool,%I66.0,Датчик положення (право1) VL19,True,True,True,,
VL19_DI_Pos0_2_OK,PLC_INPUT,Bool,%I66.1,Датчик положення (ліво2) VL19,True,True,True,,
VL19_DI_Pos1_2_OK,PLC_INPUT,Bool,%I66.2,Датчик положення (право2) VL19,True,True,True,,
VL20_DI_Breaker_OK,PLC_INPUT,Bool,%I66.3,Автоматичний вимикач VL20,True,True,True,,
VL20_DI_Pos0_OK,PLC_INPUT,Bool,%I66.4,Датчик положення (ліво) VL20,True,True,True,,
VL20_DI_Pos1_OK,PLC_INPUT,Bool,%I66.5,Датчик положення (право) VL20,True,True,True,,
VL21_DI_Breaker_OK,PLC_INPUT,Bool,%I66.6,Автоматичний вимикач VL21,True,True,True,,
VL21_DI_Pos0_OK,PLC_INPUT,Bool,%I66.7,Датчик положення (ліво) VL21,True,True,True,,
VL21_DI_Pos1_OK,PLC_INPUT,Bool,%I67.0,Датчик положення (право) VL21,True,True,True,,
VL22_DI_Breaker_OK,PLC_INPUT,Bool,%I67.1,Автоматичний вимикач VL22,True,True,True,,
VL22_DI_Pos0_OK,PLC_INPUT,Bool,%I67.2,Датчик положення (ліво) VL22,True,True,True,,
VL22_DI_Pos1_OK,PLC_INPUT,Bool,%I67.3,Датчик положення (право) VL22,True,True,True,,
VL23_DI_Breaker_OK,PLC_INPUT,Bool,%I67.4,Автоматичний вимикач VL23,True,True,True,,
VL23_DI_Pos0_OK,PLC_INPUT,Bool,%I67.5,Датчик положення (ліво) VL23,True,True,True,,
VL23_DI_Pos1_OK,PLC_INPUT,Bool,%I67.6,Датчик положення (право) VL23,True,True,True,,
VL24_DI_Breaker_OK,PLC_INPUT,Bool,%I67.7,Автоматичний вимикач VL24,True,True,True,,
VL24_DI_Pos0_OK,PLC_INPUT,Bool,%I68.0,Датчик положення (ліво) VL24,True,True,True,,
VL24_DI_Pos1_OK,PLC_INPUT,Bool,%I68.1,Датчик положення (право) VL24,True,True,True,,
VL25_DI_Breaker_OK,PLC_INPUT,Bool,%I68.2,Автоматичний вимикач VL25,True,True,True,,
VL25_DI_Pos0_OK,PLC_INPUT,Bool,%I68.3,Датчик положення (ліво) VL25,True,True,True,,
VL25_DI_Pos1_OK,PLC_INPUT,Bool,%I68.4,Датчик положення (право) VL25,True,True,True,,
VL26_DI_Breaker_OK,PLC_INPUT,Bool,%I68.5,Автоматичний вимикач VL26,True,True,True,,
VL26_DI_Pos0_OK,PLC_INPUT,Bool,%I68.6,Датчик положення (ліво) VL26,True,True,True,,
VL26_DI_Pos1_OK,PLC_INPUT,Bool,%I68.7,Датчик положення (право) VL26,True,True,True,,
VL27_DI_Breaker_OK,PLC_INPUT,Bool,%I69.0,Автоматичний вимикач VL27,True,True,True,,
VL27_DI_Pos0_OK,PLC_INPUT,Bool,%I69.1,Датчик положення (ліво) VL27,True,True,True,,
VL27_DI_Pos1_OK,PLC_INPUT,Bool,%I69.2,Датчик положення (право) VL27,True,True,True,,
VL28_DI_Breaker_OK,PLC_INPUT,Bool,%I69.3,Автоматичний вимикач VL28,True,True,True,,
VL28_DI_Pos0_OK,PLC_INPUT,Bool,%I69.4,Датчик положення (ліво) VL28,True,True,True,,
VL28_DI_Pos1_OK,PLC_INPUT,Bool,%I69.5,Датчик положення (право) VL28,True,True,True,,
VL29_DI_Breaker_OK,PLC_INPUT,Bool,%I69.6,Автоматичний вимикач VL29,True,True,True,,
VL29_DI_Pos0_OK,PLC_INPUT,Bool,%I69.7,Датчик положення (ліво) VL29,True,True,True,,
VL29_DI_Pos1_OK,PLC_INPUT,Bool,%I70.0,Датчик положення (право) VL29,True,True,True,,
DR1_PAL1_DI_Feedback2_OK,PLC_INPUT,Bool,%I70.1,,True,True,True,,
DR1_PAL2_DI_Feedback2_OK,PLC_INPUT,Bool,%I70.2,,True,True,True,,
DR2_PAL1_DI_Feedback2_OK,PLC_INPUT,Bool,%I70.3,,True,True,True,,
DR2_PAL2_DI_Feedback2_OK,PLC_INPUT,Bool,%I70.4,,True,True,True,,
DR3_PAL1_DI_Feedback2_OK,PLC_INPUT,Bool,%I70.5,,True,True,True,,
DR3_PAL2_DI_Feedback2_OK,PLC_INPUT,Bool,%I70.6,,True,True,True,,
DR1_LevelHigh_OK,PLC_INPUT,Bool,%I71.0,Верхній рівень Сушарка№1,True,True,True,,
DR1_LevelLow_OK,PLC_INPUT,Bool,%I71.1,Нижній рівень Сушарка№1,True,True,True,,
SLA1_LevelHigh_OK,PLC_INPUT,Bool,%I71.2,Верхній рівень SLA1,True,True,True,,
SLA2_LevelHigh_OK,PLC_INPUT,Bool,%I71.3,Верхній рівень SLA2,True,True,True,,
DR2_LevelHigh_OK,PLC_INPUT,Bool,%I71.4,Верхній рівень Сушарка№2,True,True,True,,
DR2_LevelLow_OK,PLC_INPUT,Bool,%I71.5,Нижній рівень Сушарка№2,True,True,True,,
DR3_LevelHigh_OK,PLC_INPUT,Bool,%I71.6,Верхній рівень Сушарка№3,True,True,True,,
DR3_LevelLow_OK,PLC_INPUT,Bool,%I71.7,Нижній рівень Сушарка№3,True,True,True,,
SLA3_LevelHigh_OK,PLC_INPUT,Bool,%I72.0,Верхній рівень SLA3,True,True,True,,
SLA4_LevelHigh_OK,PLC_INPUT,Bool,%I72.1,Верхній рівень SLA4,True,True,True,,
SPA1_LevelHigh_OK,PLC_INPUT,Bool,%I72.2,Верхній рівень SPA1,True,True,True,,
SPA2_LevelHigh_OK,PLC_INPUT,Bool,%I72.3,Верхній рівень SPA2,True,True,True,,
SPA3_LevelHigh_OK,PLC_INPUT,Bool,%I72.4,Верхній рівень SPA3,True,True,True,,
SPA4_LevelHigh_OK,PLC_INPUT,Bool,%I72.5,Верхній рівень SPA4,True,True,True,,
SPA5_LevelHigh_OK,PLC_INPUT,Bool,%I72.6,Верхній рівень SPA5,True,True,True,,
SPA6_LevelHigh_OK,PLC_INPUT,Bool,%I72.7,Верхній рівень SPA6,True,True,True,,
SPA7_LevelHigh_OK,PLC_INPUT,Bool,%I73.0,Верхній рівень SPA7,True,True,True,,
SPA8_LevelHigh_OK,PLC_INPUT,Bool,%I73.1,Верхній рівень SPA8,True,True,True,,
SPA9_LevelHigh_OK,PLC_INPUT,Bool,%I73.2,Верхній рівень SPA9,True,True,True,,
SPA10_LevelHigh_OK,PLC_INPUT,Bool,%I73.3,Верхній рівень SPA10,True,True,True,,
SPA11_LevelHigh_OK,PLC_INPUT,Bool,%I73.4,Верхній рівень SPA11,True,True,True,,
SPA12_LevelHigh_OK,PLC_INPUT,Bool,%I73.5,Верхній рівень SPA12,True,True,True,,
SPA13_LevelHigh_OK,PLC_INPUT,Bool,%I73.6,Верхній рівень SPA13,True,True,True,,
SPA14_LevelHigh_OK,PLC_INPUT,Bool,%I73.7,Верхній рівень SPA14,True,True,True,,
SPA15_LevelHigh_OK,PLC_INPUT,Bool,%I74.0,Верхній рівень SPA15,True,True,True,,
AR_1_LevelHigh_OK,PLC_INPUT,Bool,%I74.1,Верхній рівень AR_1,True,True,True,,
AR_2_LevelHigh_OK,PLC_INPUT,Bool,%I74.2,Верхній рівень AR_2,True,True,True,,
AR8_1_LevelHigh_OK,PLC_INPUT,Bool,%I74.3,Верхній рівень AR8_1,True,True,True,,
AR8_2_LevelHigh_OK,PLC_INPUT,Bool,%I74.4,Верхній рівень AR8_2,True,True,True,,
Main_DI_Mode_Auto,PLC_INPUT,Bool,%I74.5,Автоматичний режим роботи,True,True,True,,
Main_DI_Mode_Hand,PLC_INPUT,Bool,%I74.6,Ручний режим роботи,True,True,True,,
Main_DI_Phase_OK,PLC_INPUT,Bool,%I74.7,,True,True,True,,
Main_DI_E_Stop_OK,PLC_INPUT,Bool,%I75.0,Аварійний стоп,True,True,True,,
RD1_DO_Run,PLC_Output,Bool,%Q100.0,Команда пуск RD1,True,True,True,,
RD2_DO_Run,PLC_Output,Bool,%Q100.1,Команда пуск RD2,True,True,True,,
RD3_DO_Run,PLC_Output,Bool,%Q100.2,Команда пуск RD3,True,True,True,,
RD4_DO_Run,PLC_Output,Bool,%Q100.3,Команда пуск RD4,True,True,True,,
RD5_DO_Run,PLC_Output,Bool,%Q100.4,Команда пуск RD5,True,True,True,,
RD6_DO_Run,PLC_Output,Bool,%Q100.5,Команда пуск RD6,True,True,True,,
RD7_DO_Run,PLC_Output,Bool,%Q100.6,Команда пуск RD7,True,True,True,,
RD8_DO_Run,PLC_Output,Bool,%Q100.7,Команда пуск RD8,True,True,True,,
RD9_DO_Run,PLC_Output,Bool,%Q101.0,Команда пуск RD9,True,True,True,,
RD10_DO_Run,PLC_Output,Bool,%Q101.1,Команда пуск RD10,True,True,True,,
RD11_DO_Run,PLC_Output,Bool,%Q101.2,Команда пуск RD11,True,True,True,,
RD12_DO_Run,PLC_Output,Bool,%Q101.3,Команда пуск RD12,True,True,True,,
RD13_DO_Run,PLC_Output,Bool,%Q101.4,Команда пуск RD13,True,True,True,,
RD14_DO_Run,PLC_Output,Bool,%Q101.5,Команда пуск RD14,True,True,True,,
RD15_DO_Run,PLC_Output,Bool,%Q101.6,Команда пуск RD15,True,True,True,,
RD16_DO_Run,PLC_Output,Bool,%Q101.7,Команда пуск RD16,True,True,True,,
RD17_DO_Run,PLC_Output,Bool,%Q102.0,Команда пуск RD17,True,True,True,,
RD18_DO_Run,PLC_Output,Bool,%Q102.1,Команда пуск RD18,True,True,True,,
RD19_DO_Run,PLC_Output,Bool,%Q102.2,Команда пуск RD19,True,True,True,,
RD20_DO_Run,PLC_Output,Bool,%Q102.3,Команда пуск RD20,True,True,True,,
RD21_DO_Run,PLC_Output,Bool,%Q102.4,Команда пуск RD21,True,True,True,,
RD22_DO_Run,PLC_Output,Bool,%Q102.5,Команда пуск RD22,True,True,True,,
RD23_DO_Run,PLC_Output,Bool,%Q102.6,Команда пуск RD23,True,True,True,,
RD24_DO_Run,PLC_Output,Bool,%Q102.7,Команда пуск RD24,True,True,True,,
RD25_DO_Run,PLC_Output,Bool,%Q103.0,Команда пуск RD25,True,True,True,,
RD26_DO_Run,PLC_Output,Bool,%Q103.1,Команда пуск RD26,True,True,True,,
RD27_DO_Run,PLC_Output,Bool,%Q103.2,Команда пуск RD27,True,True,True,,
RD28_DO_Run,PLC_Output,Bool,%Q103.3,Команда пуск RD28,True,True,True,,
RD29_DO_Run,PLC_Output,Bool,%Q103.4,Команда пуск RD29,True,True,True,,
RD30_DO_Run,PLC_Output,Bool,%Q103.5,Команда пуск RD30,True,True,True,,
RD31_DO_Run,PLC_Output,Bool,%Q103.6,Команда пуск RD31,True,True,True,,
RD32_DO_Run,PLC_Output,Bool,%Q103.7,Команда пуск RD32,True,True,True,,
RD33_DO_Run,PLC_Output,Bool,%Q104.0,Команда пуск RD33,True,True,True,,
RD34_DO_Run,PLC_Output,Bool,%Q104.1,Команда пуск RD34,True,True,True,,
RD35_DO_Run,PLC_Output,Bool,%Q104.2,Команда пуск RD35,True,True,True,,
RD36_DO_Run,PLC_Output,Bool,%Q104.3,Команда пуск RD36,True,True,True,,
RD37_DO_Run,PLC_Output,Bool,%Q104.4,Команда пуск RD37,True,True,True,,
RD38_DO_Run,PLC_Output,Bool,%Q104.5,Команда пуск RD38,True,True,True,,
NR1_DO_Run,PLC_Output,Bool,%Q105.0,Команда пуск NR1,True,True,True,,
NR2_DO_Run,PLC_Output,Bool,%Q105.1,Команда пуск NR2,True,True,True,,
NR3_DO_Run,PLC_Output,Bool,%Q105.2,Команда пуск NR3,True,True,True,,
NR4_DO_Run,PLC_Output,Bool,%Q105.3,Команда пуск NR4,True,True,True,,
NR5_DO_Run,PLC_Output,Bool,%Q105.4,Команда пуск NR5,True,True,True,,
NR6_DO_Run,PLC_Output,Bool,%Q105.5,Команда пуск NR6,True,True,True,,
NR7_DO_Run,PLC_Output,Bool,%Q105.6,Команда пуск NR7,True,True,True,,
NR8_DO_Run,PLC_Output,Bool,%Q105.7,Команда пуск NR8,True,True,True,,
NR9_DO_Run,PLC_Output,Bool,%Q106.0,Команда пуск NR9,True,True,True,,
NR10_DO_Run,PLC_Output,Bool,%Q106.1,Команда пуск NR10,True,True,True,,
NR11_DO_Run,PLC_Output,Bool,%Q106.2,Команда пуск NR11,True,True,True,,
FD1_DO_Run,PLC_Output,Bool,%Q106.3,Команда пуск FD1,True,True,True,,
SEP1_DO_Run,PLC_Output,Bool,%Q106.4,Команда пуск SEP1,True,True,True,,
FN1_DO_Run,PLC_Output,Bool,%Q106.5,Команда пуск FN1,True,True,True,,
FD2_DO_Run,PLC_Output,Bool,%Q106.6,Команда пуск FD2,True,True,True,,
SEP2_DO_Run,PLC_Output,Bool,%Q106.7,Команда пуск SEP2,True,True,True,,
FN2_DO_Run,PLC_Output,Bool,%Q107.0,Команда пуск FN2,True,True,True,,
FD3_DO_Run,PLC_Output,Bool,%Q107.1,Команда пуск FD3,True,True,True,,
SEP3_DO_Run,PLC_Output,Bool,%Q107.2,Команда пуск SEP3,True,True,True,,
FN3_DO_Run,PLC_Output,Bool,%Q107.3,Команда пуск FN3,True,True,True,,
DR1_FN1_DO_Run,PLC_Output,Bool,%Q108.0,Команда пуск FN1 Сушарка №1,True,True,True,,
DR1_FN2_DO_Run,PLC_Output,Bool,%Q108.1,Команда пуск FN2 Сушарка №1,True,True,True,,
DR1_FN3_DO_Run,PLC_Output,Bool,%Q108.2,Команда пуск FN3 Сушарка №1,True,True,True,,
DR1_FN4_DO_Run,PLC_Output,Bool,%Q108.3,Команда пуск FN4 Сушарка №1,True,True,True,,
DR1_FN5_DO_Run,PLC_Output,Bool,%Q108.4,Команда пуск FN5 Сушарка №1,True,True,True,,
DR1_FN6_DO_Run,PLC_Output,Bool,%Q108.5,Команда пуск FN6 Сушарка №1,True,True,True,,
DR1_FN7_DO_Run,PLC_Output,Bool,%Q108.6,Команда пуск FN7 Сушарка №1,True,True,True,,
DR1_PAL1_DO_Run,PLC_Output,Bool,%Q108.7,Команда пуск PAL1 Сушарка №1,True,True,True,,
DR1_PAL2_DO_Run,PLC_Output,Bool,%Q109.0,Команда пуск PAL2 Сушарка №1,True,True,True,,
UW1_DO_Run,PLC_Output,Bool,%Q109.1,,True,True,True,,
DR2_FN1_DO_Run,PLC_Output,Bool,%Q109.2,Команда пуск FN1 Сушарка №2,True,True,True,,
DR2_FN2_DO_Run,PLC_Output,Bool,%Q109.3,Команда пуск FN2 Сушарка №2,True,True,True,,
DR2_FN3_DO_Run,PLC_Output,Bool,%Q109.4,Команда пуск FN3 Сушарка №2,True,True,True,,
DR2_FN4_DO_Run,PLC_Output,Bool,%Q109.5,Команда пуск FN4 Сушарка №2,True,True,True,,
DR2_FN5_DO_Run,PLC_Output,Bool,%Q109.6,Команда пуск FN5 Сушарка №2,True,True,True,,
DR2_FN6_DO_Run,PLC_Output,Bool,%Q109.7,Команда пуск FN6 Сушарка №2,True,True,True,,
DR2_FN7_DO_Run,PLC_Output,Bool,%Q110.0,Команда пуск FN7 Сушарка №2,True,True,True,,
DR2_PAL1_DO_Run,PLC_Output,Bool,%Q110.1,Команда пуск PAL1 Сушарка №2,True,True,True,,
DR2_PAL2_DO_Run,PLC_Output,Bool,%Q110.2,Команда пуск PAL2 Сушарка №2,True,True,True,,
UW2_DO_Run,PLC_Output,Bool,%Q110.3,,True,True,True,,
DR3_FN1_DO_Run,PLC_Output,Bool,%Q110.4,Команда пуск FN1 Сушарка №3,True,True,True,,
DR3_FN2_DO_Run,PLC_Output,Bool,%Q110.5,Команда пуск FN2 Сушарка №3,True,True,True,,
DR3_FN3_DO_Run,PLC_Output,Bool,%Q110.6,Команда пуск FN3 Сушарка №3,True,True,True,,
DR3_FN4_DO_Run,PLC_Output,Bool,%Q110.7,Команда пуск FN4 Сушарка №3,True,True,True,,
DR3_FN5_DO_Run,PLC_Output,Bool,%Q111.0,Команда пуск FN5 Сушарка №3,True,True,True,,
DR3_FN6_DO_Run,PLC_Output,Bool,%Q111.1,Команда пуск FN6 Сушарка №3,True,True,True,,
DR3_FN7_DO_Run,PLC_Output,Bool,%Q111.2,Команда пуск FN7 Сушарка №3,True,True,True,,
DR3_PAL1_DO_Run,PLC_Output,Bool,%Q111.3,Команда пуск PAL1 Сушарка №3,True,True,True,,
DR3_PAL2_DO_Run,PLC_Output,Bool,%Q111.4,Команда пуск PAL2 Сушарка №3,True,True,True,,
UW3_DO_Run,PLC_Output,Bool,%Q111.5,,True,True,True,,
GT5_1_DO_Pos0,PLC_Output,Bool,%Q111.6,Команда відкриття GT5.1,True,True,True,,
GT5_1_DO_Pos1,PLC_Output,Bool,%Q111.7,Команда закриття GT5.1,True,True,True,,
GT5_2_DO_Pos0,PLC_Output,Bool,%Q112.0,Команда відкриття GT5.2,True,True,True,,
GT5_2_DO_Pos1,PLC_Output,Bool,%Q112.1,Команда закриття GT5.2,True,True,True,,
GT5_3_DO_Pos0,PLC_Output,Bool,%Q112.2,Команда відкриття GT5.3,True,True,True,,
GT5_3_DO_Pos1,PLC_Output,Bool,%Q112.3,Команда закриття GT5.3,True,True,True,,
GT6_1_DO_Pos0,PLC_Output,Bool,%Q112.4,Команда відкриття GT6.1,True,True,True,,
GT6_1_DO_Pos1,PLC_Output,Bool,%Q112.5,Команда закриття GT6.1,True,True,True,,
GT6_2_DO_Pos0,PLC_Output,Bool,%Q112.6,Команда відкриття GT6.2,True,True,True,,
GT6_2_DO_Pos1,PLC_Output,Bool,%Q112.7,Команда закриття GT6.2,True,True,True,,
GT6_3_DO_Pos0,PLC_Output,Bool,%Q113.0,Команда відкриття GT6.3,True,True,True,,
GT6_3_DO_Pos1,PLC_Output,Bool,%Q113.1,Команда закриття GT6.3,True,True,True,,
GT7_1_DO_Pos0,PLC_Output,Bool,%Q113.2,Команда відкриття GT7.1,True,True,True,,
GT7_1_DO_Pos1,PLC_Output,Bool,%Q113.3,Команда закриття GT7.1,True,True,True,,
GT7_2_DO_Pos0,PLC_Output,Bool,%Q113.4,Команда відкриття GT7.2,True,True,True,,
GT7_2_DO_Pos1,PLC_Output,Bool,%Q113.5,Команда закриття GT7.2,True,True,True,,
GT8_1_DO_Pos0,PLC_Output,Bool,%Q113.6,Команда відкриття GT8.1,True,True,True,,
GT8_1_DO_Pos1,PLC_Output,Bool,%Q113.7,Команда закриття GT8.1,True,True,True,,
GT8_2_DO_Pos0,PLC_Output,Bool,%Q114.0,Команда відкриття GT8.2,True,True,True,,
GT8_2_DO_Pos1,PLC_Output,Bool,%Q114.1,Команда закриття GT8.2,True,True,True,,
GT8_3_DO_Pos0,PLC_Output,Bool,%Q114.2,Команда відкриття GT8.3,True,True,True,,
GT8_3_DO_Pos1,PLC_Output,Bool,%Q114.3,Команда закриття GT8.3,True,True,True,,
GT9_1_DO_Pos0,PLC_Output,Bool,%Q114.4,Команда відкриття GT9.1,True,True,True,,
GT9_1_DO_Pos1,PLC_Output,Bool,%Q114.5,Команда закриття GT9.1,True,True,True,,
GT9_2_DO_Pos0,PLC_Output,Bool,%Q114.6,Команда відкриття GT9.2,True,True,True,,
GT9_2_DO_Pos1,PLC_Output,Bool,%Q114.7,Команда закриття GT9.2,True,True,True,,
GT10_1_DO_Pos0,PLC_Output,Bool,%Q115.0,Команда відкриття GT10.1,True,True,True,,
GT10_1_DO_Pos1,PLC_Output,Bool,%Q115.1,Команда закриття GT10.1,True,True,True,,
GT10_2_DO_Pos0,PLC_Output,Bool,%Q115.2,Команда відкриття GT10.2,True,True,True,,
GT10_2_DO_Pos1,PLC_Output,Bool,%Q115.3,Команда закриття GT10.2,True,True,True,,
GT11_1_DO_Pos0,PLC_Output,Bool,%Q115.4,Команда відкриття GT11.1,True,True,True,,
GT11_1_DO_Pos1,PLC_Output,Bool,%Q115.5,Команда закриття GT11.1,True,True,True,,
GT11_2_DO_Pos0,PLC_Output,Bool,%Q115.6,Команда відкриття GT11.2,True,True,True,,
GT11_2_DO_Pos1,PLC_Output,Bool,%Q115.7,Команда закриття GT11.2,True,True,True,,
GT12_1_DO_Pos0,PLC_Output,Bool,%Q116.0,Команда відкриття GT12.1,True,True,True,,
GT12_1_DO_Pos1,PLC_Output,Bool,%Q116.1,Команда закриття GT12.1,True,True,True,,
GT12_2_DO_Pos0,PLC_Output,Bool,%Q116.2,Команда відкриття GT12.2,True,True,True,,
GT12_2_DO_Pos1,PLC_Output,Bool,%Q116.3,Команда закриття GT12.2,True,True,True,,
GT14_1_DO_Pos0,PLC_Output,Bool,%Q116.4,Команда відкриття GT14.1,True,True,True,,
GT14_1_DO_Pos1,PLC_Output,Bool,%Q116.5,Команда закриття GT14.1,True,True,True,,
GT14_2_DO_Pos0,PLC_Output,Bool,%Q116.6,Команда відкриття GT14.2,True,True,True,,
GT14_2_DO_Pos1,PLC_Output,Bool,%Q116.7,Команда закриття GT14.2,True,True,True,,
GT15_1_DO_Pos0,PLC_Output,Bool,%Q117.0,Команда відкриття GT15.1,True,True,True,,
GT15_1_DO_Pos1,PLC_Output,Bool,%Q117.1,Команда закриття GT15.1,True,True,True,,
GT15_2_DO_Pos0,PLC_Output,Bool,%Q117.2,Команда відкриття GT15.2,True,True,True,,
GT15_2_DO_Pos1,PLC_Output,Bool,%Q117.3,Команда закриття GT15.2,True,True,True,,
GT18_1_DO_Pos0,PLC_Output,Bool,%Q117.4,Команда відкриття GT18.1,True,True,True,,
GT18_1_DO_Pos1,PLC_Output,Bool,%Q117.5,Команда закриття GT18.1,True,True,True,,
GT18_2_DO_Pos0,PLC_Output,Bool,%Q117.6,Команда відкриття GT18.2,True,True,True,,
GT18_2_DO_Pos1,PLC_Output,Bool,%Q117.7,Команда закриття GT18.2,True,True,True,,
GT19_1_DO_Pos0,PLC_Output,Bool,%Q118.0,Команда відкриття GT19.1,True,True,True,,
GT19_1_DO_Pos1,PLC_Output,Bool,%Q118.1,Команда закриття GT19.1,True,True,True,,
GT19_2_DO_Pos0,PLC_Output,Bool,%Q118.2,Команда відкриття GT19.2,True,True,True,,
GT19_2_DO_Pos1,PLC_Output,Bool,%Q118.3,Команда закриття GT19.2,True,True,True,,
GT20_1_DO_Pos0,PLC_Output,Bool,%Q118.4,Команда відкриття GT20.1,True,True,True,,
GT20_1_DO_Pos1,PLC_Output,Bool,%Q118.5,Команда закриття GT20.1,True,True,True,,
GT20_2_DO_Pos0,PLC_Output,Bool,%Q118.6,Команда відкриття GT20.2,True,True,True,,
GT20_2_DO_Pos1,PLC_Output,Bool,%Q118.7,Команда закриття GT20.2,True,True,True,,
GT21_1_DO_Pos0,PLC_Output,Bool,%Q119.0,Команда відкриття GT21.1,True,True,True,,
GT21_1_DO_Pos1,PLC_Output,Bool,%Q119.1,Команда закриття GT21.1,True,True,True,,
GT21_2_DO_Pos0,PLC_Output,Bool,%Q119.2,Команда відкриття GT21.2,True,True,True,,
GT21_2_DO_Pos1,PLC_Output,Bool,%Q119.3,Команда закриття GT21.2,True,True,True,,
GT21_3_DO_Pos0,PLC_Output,Bool,%Q119.4,Команда відкриття GT21.3,True,True,True,,
GT21_3_DO_Pos1,PLC_Output,Bool,%Q119.5,Команда закриття GT21.3,True,True,True,,
GT21_4_DO_Pos0,PLC_Output,Bool,%Q119.6,Команда відкриття GT21.4,True,True,True,,
GT21_4_DO_Pos1,PLC_Output,Bool,%Q119.7,Команда закриття GT21.4,True,True,True,,
GT22_1_DO_Pos0,PLC_Output,Bool,%Q120.0,Команда відкриття GT22.1,True,True,True,,
GT22_1_DO_Pos1,PLC_Output,Bool,%Q120.1,Команда закриття GT22.1,True,True,True,,
GT22_2_DO_Pos0,PLC_Output,Bool,%Q120.2,Команда відкриття GT22.2,True,True,True,,
GT22_2_DO_Pos1,PLC_Output,Bool,%Q120.3,Команда закриття GT22.2,True,True,True,,
GT22_3_DO_Pos0,PLC_Output,Bool,%Q120.4,Команда відкриття GT22.3,True,True,True,,
GT22_3_DO_Pos1,PLC_Output,Bool,%Q120.5,Команда закриття GT22.3,True,True,True,,
GT22_4_DO_Pos0,PLC_Output,Bool,%Q120.6,Команда відкриття GT22.4,True,True,True,,
GT22_4_DO_Pos1,PLC_Output,Bool,%Q120.7,Команда закриття GT22.4,True,True,True,,
GT23_1_DO_Pos0,PLC_Output,Bool,%Q121.0,Команда відкриття GT23.1,True,True,True,,
GT23_1_DO_Pos1,PLC_Output,Bool,%Q121.1,Команда закриття GT23.1,True,True,True,,
GT23_2_DO_Pos0,PLC_Output,Bool,%Q121.2,Команда відкриття GT23.2,True,True,True,,
GT23_2_DO_Pos1,PLC_Output,Bool,%Q121.3,Команда закриття GT23.2,True,True,True,,
GT23_3_DO_Pos0,PLC_Output,Bool,%Q121.4,Команда відкриття GT23.3,True,True,True,,
GT23_3_DO_Pos1,PLC_Output,Bool,%Q121.5,Команда закриття GT23.3,True,True,True,,
GT23_4_DO_Pos0,PLC_Output,Bool,%Q121.6,Команда відкриття GT23.4,True,True,True,,
GT23_4_DO_Pos1,PLC_Output,Bool,%Q121.7,Команда закриття GT23.4,True,True,True,,
GT24_1_DO_Pos0,PLC_Output,Bool,%Q122.0,Команда відкриття GT24.1,True,True,True,,
GT24_1_DO_Pos1,PLC_Output,Bool,%Q122.1,Команда закриття GT24.1,True,True,True,,
GT24_2_DO_Pos0,PLC_Output,Bool,%Q122.2,Команда відкриття GT24.2,True,True,True,,
GT24_2_DO_Pos1,PLC_Output,Bool,%Q122.3,Команда закриття GT24.2,True,True,True,,
GT25_1_DO_Pos0,PLC_Output,Bool,%Q122.4,Команда відкриття GT25.1,True,True,True,,
GT25_1_DO_Pos1,PLC_Output,Bool,%Q122.5,Команда закриття GT25.1,True,True,True,,
GT25_2_DO_Pos0,PLC_Output,Bool,%Q122.6,Команда відкриття GT25.2,True,True,True,,
GT25_2_DO_Pos1,PLC_Output,Bool,%Q122.7,Команда закриття GT25.2,True,True,True,,
GT26_1_DO_Pos0,PLC_Output,Bool,%Q123.0,Команда відкриття GT26.1,True,True,True,,
GT26_1_DO_Pos1,PLC_Output,Bool,%Q123.1,Команда закриття GT26.1,True,True,True,,
GT26_2_DO_Pos0,PLC_Output,Bool,%Q123.2,Команда відкриття GT26.2,True,True,True,,
GT26_2_DO_Pos1,PLC_Output,Bool,%Q123.3,Команда закриття GT26.2,True,True,True,,
GT30_1_DO_Pos0,PLC_Output,Bool,%Q123.4,Команда відкриття GT30.1,True,True,True,,
GT30_1_DO_Pos1,PLC_Output,Bool,%Q123.5,Команда закриття GT30.1,True,True,True,,
GT30_2_DO_Pos0,PLC_Output,Bool,%Q123.6,Команда відкриття GT30.2,True,True,True,,
GT30_2_DO_Pos1,PLC_Output,Bool,%Q123.7,Команда закриття GT30.2,True,True,True,,
GT31_1_DO_Pos0,PLC_Output,Bool,%Q124.0,Команда відкриття GT31.1,True,True,True,,
GT31_1_DO_Pos1,PLC_Output,Bool,%Q124.1,Команда закриття GT31.1,True,True,True,,
GT31_2_DO_Pos0,PLC_Output,Bool,%Q124.2,Команда відкриття GT31.2,True,True,True,,
GT31_2_DO_Pos1,PLC_Output,Bool,%Q124.3,Команда закриття GT31.2,True,True,True,,
GT32_1_DO_Pos0,PLC_Output,Bool,%Q124.4,Команда відкриття GT32.1,True,True,True,,
GT32_1_DO_Pos1,PLC_Output,Bool,%Q124.5,Команда закриття GT32.1,True,True,True,,
GT32_2_DO_Pos0,PLC_Output,Bool,%Q124.6,Команда відкриття GT32.2,True,True,True,,
GT32_2_DO_Pos1,PLC_Output,Bool,%Q124.7,Команда закриття GT32.2,True,True,True,,
GT35_1_DO_Pos0,PLC_Output,Bool,%Q125.0,Команда відкриття GT35.1,True,True,True,,
GT35_1_DO_Pos1,PLC_Output,Bool,%Q125.1,Команда закриття GT35.1,True,True,True,,
GT35_2_DO_Pos0,PLC_Output,Bool,%Q125.2,Команда відкриття GT35.2,True,True,True,,
GT35_2_DO_Pos1,PLC_Output,Bool,%Q125.3,Команда закриття GT35.2,True,True,True,,
GT36_1_DO_Pos0,PLC_Output,Bool,%Q125.4,Команда відкриття GT36.1,True,True,True,,
GT36_1_DO_Pos1,PLC_Output,Bool,%Q125.5,Команда закриття GT36.1,True,True,True,,
GT36_2_DO_Pos0,PLC_Output,Bool,%Q125.6,Команда відкриття GT36.2,True,True,True,,
GT36_2_DO_Pos1,PLC_Output,Bool,%Q125.7,Команда закриття GT36.2,True,True,True,,
GT36_3_DO_Pos0,PLC_Output,Bool,%Q126.0,Команда відкриття GT36.3,True,True,True,,
GT36_3_DO_Pos1,PLC_Output,Bool,%Q126.1,Команда закриття GT36.3,True,True,True,,
GT38_1_DO_Pos0,PLC_Output,Bool,%Q126.2,Команда відкриття GT38.1,True,True,True,,
GT38_1_DO_Pos1,PLC_Output,Bool,%Q126.3,Команда закриття GT38.1,True,True,True,,
GT38_2_DO_Pos0,PLC_Output,Bool,%Q126.4,Команда відкриття GT38.2,True,True,True,,
GT38_2_DO_Pos1,PLC_Output,Bool,%Q126.5,Команда закриття GT38.2,True,True,True,,
VL1_DO_Pos0,PLC_Output,Bool,%Q131.4,Команда переміщення (ліво) VL1,True,True,True,,
VL1_DO_Pos1,PLC_Output,Bool,%Q131.5,Команда переміщення (право) VL1,True,True,True,,
VL2_DO_Pos0,PLC_Output,Bool,%Q131.6,Команда переміщення (ліво) VL2,True,True,True,,
VL2_DO_Pos1,PLC_Output,Bool,%Q131.7,Команда переміщення (право) VL2,True,True,True,,
VL3_DO_Pos0,PLC_Output,Bool,%Q132.0,Команда переміщення (ліво) VL3,True,True,True,,
VL3_DO_Pos1,PLC_Output,Bool,%Q132.1,Команда переміщення (право) VL3,True,True,True,,
VL4_DO_Pos0,PLC_Output,Bool,%Q132.2,Команда переміщення (ліво) VL4,True,True,True,,
VL4_DO_Pos1,PLC_Output,Bool,%Q132.3,Команда переміщення (право) VL4,True,True,True,,
VL5_DO_Pos0,PLC_Output,Bool,%Q132.4,Команда переміщення (ліво) VL5,True,True,True,,
VL5_DO_Pos1,PLC_Output,Bool,%Q132.5,Команда переміщення (право) VL5,True,True,True,,
VL6_DO_Pos0,PLC_Output,Bool,%Q132.6,Команда переміщення (ліво) VL6,True,True,True,,
VL6_DO_Pos1,PLC_Output,Bool,%Q132.7,Команда переміщення (право) VL6,True,True,True,,
VL7_DO_Pos0,PLC_Output,Bool,%Q133.0,Команда переміщення (ліво) VL7,True,True,True,,
VL7_DO_Pos1,PLC_Output,Bool,%Q133.1,Команда переміщення (право) VL7,True,True,True,,
VL8_DO_Pos0,PLC_Output,Bool,%Q133.2,Команда переміщення (ліво) VL8,True,True,True,,
VL8_DO_Pos1,PLC_Output,Bool,%Q133.3,Команда переміщення (право) VL8,True,True,True,,
VL9_DO_Pos0,PLC_Output,Bool,%Q133.4,Команда переміщення (ліво) VL9,True,True,True,,
VL9_DO_Pos1,PLC_Output,Bool,%Q133.5,Команда переміщення (право) VL9,True,True,True,,
VL10_DO_Pos0,PLC_Output,Bool,%Q133.6,Команда переміщення (ліво) VL10,True,True,True,,
VL10_DO_Pos1,PLC_Output,Bool,%Q133.7,Команда переміщення (право) VL10,True,True,True,,
VL11_DO_Pos0,PLC_Output,Bool,%Q134.0,Команда переміщення (ліво) VL11,True,True,True,,
VL11_DO_Pos1,PLC_Output,Bool,%Q134.1,Команда переміщення (право) VL11,True,True,True,,
VL12_DO_Pos0,PLC_Output,Bool,%Q134.2,Команда переміщення (ліво) VL12,True,True,True,,
VL12_DO_Pos1,PLC_Output,Bool,%Q134.3,Команда переміщення (право) VL12,True,True,True,,
VL13_DO_Pos0,PLC_Output,Bool,%Q134.4,Команда переміщення (ліво) VL13,True,True,True,,
VL13_DO_Pos1,PLC_Output,Bool,%Q134.5,Команда переміщення (право) VL13,True,True,True,,
VL14_DO_Pos0,PLC_Output,Bool,%Q134.6,Команда переміщення (ліво) VL14,True,True,True,,
VL14_DO_Pos1,PLC_Output,Bool,%Q134.7,Команда переміщення (право) VL14,True,True,True,,
VL15_DO_Pos0,PLC_Output,Bool,%Q135.0,Команда переміщення (ліво) VL15,True,True,True,,
VL15_DO_Pos1,PLC_Output,Bool,%Q135.1,Команда переміщення (право) VL15,True,True,True,,
VL16_DO_Pos0,PLC_Output,Bool,%Q135.2,Команда переміщення (ліво) VL16,True,True,True,,
VL16_DO_Pos1,PLC_Output,Bool,%Q135.3,Команда переміщення (право) VL16,True,True,True,,
VL17_DO_Pos0,PLC_Output,Bool,%Q135.4,Команда переміщення (ліво) VL17,True,True,True,,
VL17_DO_Pos1,PLC_Output,Bool,%Q135.5,Команда переміщення (право) VL17,True,True,True,,
VL18_DO_Pos0,PLC_Output,Bool,%Q135.6,Команда переміщення (ліво) VL18,True,True,True,,
VL18_DO_Pos1,PLC_Output,Bool,%Q135.7,Команда переміщення (право) VL18,True,True,True,,
VL19_DO_Pos0_1,PLC_Output,Bool,%Q136.0,Команда переміщення (ліво1) VL19,True,True,True,,
VL19_DO_Pos1_1,PLC_Output,Bool,%Q136.1,Команда переміщення (право1) VL19,True,True,True,,
VL19_DO_Pos0_2,PLC_Output,Bool,%Q136.2,Команда переміщення (ліво2) VL19,True,True,True,,
VL19_DO_Pos1_2,PLC_Output,Bool,%Q136.3,Команда переміщення (право2) VL19,True,True,True,,
VL20_DO_Pos0,PLC_Output,Bool,%Q136.4,Команда переміщення (ліво) VL20,True,True,True,,
VL20_DO_Pos1,PLC_Output,Bool,%Q136.5,Команда переміщення (право) VL20,True,True,True,,
VL21_DO_Pos0,PLC_Output,Bool,%Q136.6,Команда переміщення (ліво) VL21,True,True,True,,
VL21_DO_Pos1,PLC_Output,Bool,%Q136.7,Команда переміщення (право) VL21,True,True,True,,
VL22_DO_Pos0,PLC_Output,Bool,%Q137.0,Команда переміщення (ліво) VL22,True,True,True,,
VL22_DO_Pos1,PLC_Output,Bool,%Q137.1,Команда переміщення (право) VL22,True,True,True,,
VL23_DO_Pos0,PLC_Output,Bool,%Q137.2,Команда переміщення (ліво) VL23,True,True,True,,
VL23_DO_Pos1,PLC_Output,Bool,%Q137.3,Команда переміщення (право) VL23,True,True,True,,
VL24_DO_Pos0,PLC_Output,Bool,%Q137.4,Команда переміщення (ліво) VL24,True,True,True,,
VL24_DO_Pos1,PLC_Output,Bool,%Q137.5,Команда переміщення (право) VL24,True,True,True,,
VL25_DO_Pos0,PLC_Output,Bool,%Q137.6,Команда переміщення (ліво) VL25,True,True,True,,
VL25_DO_Pos1,PLC_Output,Bool,%Q137.7,Команда переміщення (право) VL25,True,True,True,,
VL26_DO_Pos0,PLC_Output,Bool,%Q138.0,Команда переміщення (ліво) VL26,True,True,True,,
VL26_DO_Pos1,PLC_Output,Bool,%Q138.1,Команда переміщення (право) VL26,True,True,True,,
VL27_DO_Pos0,PLC_Output,Bool,%Q138.2,Команда переміщення (ліво) VL27,True,True,True,,
VL27_DO_Pos1,PLC_Output,Bool,%Q138.3,Команда переміщення (право) VL27,True,True,True,,
VL28_DO_Pos0,PLC_Output,Bool,%Q138.4,Команда переміщення (ліво) VL28,True,True,True,,
VL28_DO_Pos1,PLC_Output,Bool,%Q138.5,Команда переміщення (право) VL28,True,True,True,,
VL29_DO_Pos0,PLC_Output,Bool,%Q138.6,Команда переміщення (ліво) VL29,True,True,True,,
VL29_DO_Pos1,PLC_Output,Bool,%Q138.7,Команда переміщення (право) VL29,True,True,True,,
Main_DO_Fault_Lamp,PLC_Output,Bool,%Q139.4,Аварійна лампа,True,True,True,,
Main_DO_Fault_Siren,PLC_Output,Bool,%Q139.5,Аварійна сигналізація,True,True,True,,
Main_DO_Auto_Start_Siren,PLC_Output,Bool,%Q139.6,Сирена запуску механізмів,True,True,True,,
Main_DO_Auto_Mode_Lamp,PLC_Output,Bool,%Q139.7,Лампа автоматичного режиму,True,True,True,,
SPA1_FD_DI_Breaker_OK,PLC_INPUT,Bool,%I76.0,Автоматичний вимикач FD SPA1,True,True,True,,
SPA1_FD_DI_Feedback_OK,PLC_INPUT,Bool,%I76.1,Фідбек контатору FD SPA1,True,True,True,,
SPA2_FD_DI_Breaker_OK,PLC_INPUT,Bool,%I76.2,Автоматичний вимикач FD SPA2,True,True,True,,
SPA2_FD_DI_Feedback_OK,PLC_INPUT,Bool,%I76.3,Фідбек контатору FD SPA2,True,True,True,,
SPA3_FD_DI_Breaker_OK,PLC_INPUT,Bool,%I76.4,Автоматичний вимикач FD SPA3,True,True,True,,
SPA3_FD_DI_Feedback_OK,PLC_INPUT,Bool,%I76.5,Фідбек контатору FD SPA3,True,True,True,,
SPA4_FD_DI_Breaker_OK,PLC_INPUT,Bool,%I76.6,Автоматичний вимикач FD SPA4,True,True,True,,
SPA4_FD_DI_Feedback_OK,PLC_INPUT,Bool,%I76.7,Фідбек контатору FD SPA4,True,True,True,,
SPA5_FD_DI_Breaker_OK,PLC_INPUT,Bool,%I77.0,Автоматичний вимикач FD SPA5,True,True,True,,
SPA5_FD_DI_Feedback_OK,PLC_INPUT,Bool,%I77.1,Фідбек контатору FD SPA5,True,True,True,,
SPA6_FD_DI_Breaker_OK,PLC_INPUT,Bool,%I77.2,Автоматичний вимикач FD SPA6,True,True,True,,
SPA6_FD_DI_Feedback_OK,PLC_INPUT,Bool,%I77.3,Фідбек контатору FD SPA6,True,True,True,,
SPA7_FD_DI_Breaker_OK,PLC_INPUT,Bool,%I77.4,Автоматичний вимикач FD SPA7,True,True,True,,
SPA7_FD_DI_Feedback_OK,PLC_INPUT,Bool,%I77.5,Фідбек контатору FD SPA7,True,True,True,,
SPA8_FD_DI_Breaker_OK,PLC_INPUT,Bool,%I77.6,Автоматичний вимикач FD SPA8,True,True,True,,
SPA8_FD_DI_Feedback_OK,PLC_INPUT,Bool,%I77.7,Фідбек контатору FD SPA8,True,True,True,,
SPA9_FD_DI_Breaker_OK,PLC_INPUT,Bool,%I78.0,Автоматичний вимикач FD SPA9,True,True,True,,
SPA9_FD_DI_Feedback_OK,PLC_INPUT,Bool,%I78.1,Фідбек контатору FD SPA9,True,True,True,,
SPA10_FD_DI_Breaker_OK,PLC_INPUT,Bool,%I78.2,Автоматичний вимикач FD SPA10,True,True,True,,
SPA10_FD_DI_Feedback_OK,PLC_INPUT,Bool,%I78.3,Фідбек контатору FD SPA10,True,True,True,,
SPA11_FD_DI_Breaker_OK,PLC_INPUT,Bool,%I78.4,Автоматичний вимикач FD SPA11,True,True,True,,
SPA11_FD_DI_Feedback_OK,PLC_INPUT,Bool,%I78.5,Фідбек контатору FD SPA11,True,True,True,,
SPA12_FD_DI_Breaker_OK,PLC_INPUT,Bool,%I78.6,Автоматичний вимикач FD SPA12,True,True,True,,
SPA12_FD_DI_Feedback_OK,PLC_INPUT,Bool,%I78.7,Фідбек контатору FD SPA12,True,True,True,,
SPA13_FD_DI_Breaker_OK,PLC_INPUT,Bool,%I79.0,Автоматичний вимикач FD SPA13,True,True,True,,
SPA13_FD_DI_Feedback_OK,PLC_INPUT,Bool,%I79.1,Фідбек контатору FD SPA13,True,True,True,,
SPA14_FD_DI_Breaker_OK,PLC_INPUT,Bool,%I79.2,Автоматичний вимикач FD SPA14,True,True,True,,
SPA14_FD_DI_Feedback_OK,PLC_INPUT,Bool,%I79.3,Фідбек контатору FD SPA14,True,True,True,,
SPA15_FD_DI_Breaker_OK,PLC_INPUT,Bool,%I79.4,Автоматичний вимикач FD SPA15,True,True,True,,
SPA15_FD_DI_Feedback_OK,PLC_INPUT,Bool,%I79.5,Фідбек контатору FD SPA15,True,True,True,,
80.0,DR4_I/O,Bool,%I80.0,,True,True,True,,
80.1,DR4_I/O,Bool,%I80.1,,True,True,True,,
80.2,DR4_I/O,Bool,%I80.2,,True,True,True,,
80.3,DR4_I/O,Bool,%I80.3,,True,True,True,,
80.4,DR4_I/O,Bool,%I80.4,,True,True,True,,
80.5,DR4_I/O,Bool,%I80.5,,True,True,True,,
80.6,DR4_I/O,Bool,%I80.6,,True,True,True,,
80.7,DR4_I/O,Bool,%I80.7,,True,True,True,,
81.0,DR4_I/O,Bool,%I81.0,,True,True,True,,
81.1,DR4_I/O,Bool,%I81.1,,True,True,True,,
81.2,DR4_I/O,Bool,%I81.2,,True,True,True,,
81.3,DR4_I/O,Bool,%I81.3,,True,True,True,,
81.4,DR4_I/O,Bool,%I81.4,,True,True,True,,
81.5,DR4_I/O,Bool,%I81.5,,True,True,True,,
81.6,DR4_I/O,Bool,%I81.6,,True,True,True,,
81.7,DR4_I/O,Bool,%I81.7,,True,True,True,,
82.0,DR4_I/O,Bool,%I82.0,,True,True,True,,
82.1,DR4_I/O,Bool,%I82.1,,True,True,True,,
82.2,DR4_I/O,Bool,%I82.2,,True,True,True,,
82.3,DR4_I/O,Bool,%I82.3,,True,True,True,,
82.4,DR4_I/O,Bool,%I82.4,,True,True,True,,
82.5,DR4_I/O,Bool,%I82.5,,True,True,True,,
82.6,DR4_I/O,Bool,%I82.6,,True,True,True,,
82.7,DR4_I/O,Bool,%I82.7,,True,True,True,,
83.0,DR4_I/O,Bool,%I83.0,,True,True,True,,
83.1,DR4_I/O,Bool,%I83.1,,True,True,True,,
83.2,DR4_I/O,Bool,%I83.2,,True,True,True,,
83.3,DR4_I/O,Bool,%I83.3,,True,True,True,,
83.4,DR4_I/O,Bool,%I83.4,,True,True,True,,
83.5,DR4_I/O,Bool,%I83.5,,True,True,True,,
83.6,DR4_I/O,Bool,%I83.6,,True,True,True,,
83.7,DR4_I/O,Bool,%I83.7,,True,True,True,,
DR4_Temp_1,DR4_I/O,Int,%IW84,,True,True,True,,
DR4_Temp_2,DR4_I/O,Int,%IW86,,True,True,True,,
DR4_Temp_3,DR4_I/O,Int,%IW88,,True,True,True,,
DR4_Temp_4,DR4_I/O,Int,%IW90,,True,True,True,,
DR4_Temp_5,DR4_I/O,Int,%IW92,,True,True,True,,
DR4_Temp_6,DR4_I/O,Int,%IW94,,True,True,True,,
DR4_Temp_7,DR4_I/O,Int,%IW96,,True,True,True,,
DR4_Temp_8,DR4_I/O,Int,%IW98,,True,True,True,,
DR4_Temp_9,DR4_I/O,Int,%IW100,,True,True,True,,
DR4_Temp_10,DR4_I/O,Int,%IW102,,True,True,True,,
DR4_Temp_11,DR4_I/O,Int,%IW104,,True,True,True,,
DR4_Temp_12,DR4_I/O,Int,%IW106,,True,True,True,,
DR4_Temp_13,DR4_I/O,Int,%IW108,,True,True,True,,
DR4_Temp_14,DR4_I/O,Int,%IW110,,True,True,True,,
DR4_Temp_15,DR4_I/O,Int,%IW112,,True,True,True,,
DR4_Temp_16,DR4_I/O,Int,%IW114,,True,True,True,,
0-1,DR4_I/O,Int,%QW0,,True,True,True,,
2-3,DR4_I/O,Int,%QW2,,True,True,True,,
4-5,DR3_I/O,Int,%QW4,,True,True,True,,
6-7,DR3_I/O,Int,%QW6,,True,True,True,,
DR3_Temp_1,DR3_I/O,Int,%IW116,,True,True,True,,
DR3_Temp_2,DR3_I/O,Int,%IW118,,True,True,True,,
DR3_Temp_3,DR3_I/O,Int,%IW120,,True,True,True,,
DR3_Temp_4,DR3_I/O,Int,%IW122,,True,True,True,,
DR3_Temp_5,DR3_I/O,Int,%IW124,,True,True,True,,
DR3_Temp_6,DR3_I/O,Int,%IW126,,True,True,True,,
DR3_Temp_7,DR3_I/O,Int,%IW128,,True,True,True,,
DR3_Temp_8,DR3_I/O,Int,%IW130,,True,True,True,,
DR3_Temp_9,DR3_I/O,Int,%IW132,,True,True,True,,
DR3_Temp_10,DR3_I/O,Int,%IW134,,True,True,True,,
DR3_Temp_11,DR3_I/O,Int,%IW136,,True,True,True,,
DR3_Temp_12,DR3_I/O,Int,%IW138,,True,True,True,,
DR3_Temp_13,DR3_I/O,Int,%IW140,,True,True,True,,
DR3_Temp_14,DR3_I/O,Int,%IW142,,True,True,True,,
DR3_Temp_15,DR3_I/O,Int,%IW144,,True,True,True,,
DR3_Temp_16,DR3_I/O,Int,%IW146,,True,True,True,,
8-9,DR2_I/O,Int,%QW8,,True,True,True,,
10-11,DR2_I/O,Int,%QW10,,True,True,True,,
DR2_Temp_1,DR2_I/O,Int,%IW148,,True,True,True,,
DR2_Temp_2,DR2_I/O,Int,%IW150,,True,True,True,,
DR2_Temp_3,DR2_I/O,Int,%IW152,,True,True,True,,
DR2_Temp_4,DR2_I/O,Int,%IW154,,True,True,True,,
DR2_Temp_5,DR2_I/O,Int,%IW156,,True,True,True,,
DR2_Temp_6,DR2_I/O,Int,%IW158,,True,True,True,,
DR2_Temp_7,DR2_I/O,Int,%IW160,,True,True,True,,
DR2_Temp_8,DR2_I/O,Int,%IW162,,True,True,True,,
DR2_Temp_9,DR2_I/O,Int,%IW164,,True,True,True,,
DR2_Temp_10,DR2_I/O,Int,%IW166,,True,True,True,,
DR2_Temp_11,DR2_I/O,Int,%IW168,,True,True,True,,
DR2_Temp_12,DR2_I/O,Int,%IW170,,True,True,True,,
DR2_Temp_13,DR2_I/O,Int,%IW172,,True,True,True,,
DR2_Temp_14,DR2_I/O,Int,%IW174,,True,True,True,,
DR2_Temp_15,DR2_I/O,Int,%IW176,,True,True,True,,
DR2_Temp_16,DR2_I/O,Int,%IW178,,True,True,True,,
12-13,DR1_I/O,Int,%QW12,,True,True,True,,
14-15,DR1_I/O,Int,%QW14,,True,True,True,,
DR1_Temp_1,DR1_I/O,Int,%IW180,,True,True,True,,
DR1_Temp_2,DR1_I/O,Int,%IW182,,True,True,True,,
DR1_Temp_3,DR1_I/O,Int,%IW184,,True,True,True,,
DR1_Temp_4,DR1_I/O,Int,%IW186,,True,True,True,,
DR1_Temp_5,DR1_I/O,Int,%IW188,,True,True,True,,
DR1_Temp_6,DR1_I/O,Int,%IW190,,True,True,True,,
DR1_Temp_7,DR1_I/O,Int,%IW192,,True,True,True,,
DR1_Temp_8,DR1_I/O,Int,%IW194,,True,True,True,,
DR1_Temp_9,DR1_I/O,Int,%IW196,,True,True,True,,
DR1_Temp_10,DR1_I/O,Int,%IW198,,True,True,True,,
DR1_Temp_11,DR1_I/O,Int,%IW200,,True,True,True,,
DR1_Temp_12,DR1_I/O,Int,%IW202,,True,True,True,,
DR1_Temp_13,DR1_I/O,Int,%IW204,,True,True,True,,
DR1_Temp_14,DR1_I/O,Int,%IW206,,True,True,True,,
DR1_Temp_15,DR1_I/O,Int,%IW208,,True,True,True,,
DR1_Temp_16,DR1_I/O,Int,%IW210,,True,True,True,,
